시설번호,시설유형코드,시도명,시군구명,시군구코드,소재지도로명주소,소재지지번주소,위도,경도,상세위치,안전센터명,보호틀유무,사용가능여부,설치연도,배관깊이,출수압력,배관지름,관할소방서명,관할소방서전화번호,데이터기준일자,행정동
강남-역삼-000015,1,서울특별시,강남구,11380,서울특별시 강남구 언주로 510 효림빌딩,서울특별시 강남구 역삼동 700-6 효림빌딩,37.5006480861111,127.036916451111,,역삼119안전센터,N,,,,,,강남소방서,02-6981-7443,2025-12-31,서울특별시 강남구 역삼1동
강남-역삼-000019,1,서울특별시,강남구,11380,서울특별시 강남구 논현로 503 대신저축은행 앞,서울특별시 강남구 역삼동 642-9 대신저축은행 앞,37.5012459011111,127.036501571111,,역삼119안전센터,N,,,,,,강남소방서,02-6981-7443,2025-12-31,서울특별시 강남구 역삼1동
강남-역삼-000020,2,서울특별시,강남구,11380,서울특별시 강남구 강남대로 390 미진프라자,서울특별시 강남구 역삼동 825  미진프라자,37.4979982121111,127.028692831111,헤디코디 미용실,역삼119안전센터,N,,,,,,강남소방서,02-6981-7443,2025-12-31,서울특별시 강남구 역삼1동
강남-역삼-000021,1,서울특별시,강남구,11380,서울특별시 강남구 강남대로 412 규정빌딩,서울특별시 강남구 역삼동 820  규정빌딩,37.4991268631111,127.027249511111,,역삼119안전센터,N,,,,,,강남소방서,02-6981-7443,2025-12-31,서울특별시 강남구 역삼1동
강남-역삼-000036,1,서울특별시,강남구,11380,서울특별시 강남구 강남대로 450 한국자산관리공사,서울특별시 강남구 역삼동 814  한국자산관리공사,37.5025007051111,127.025635721111,,역삼119안전센터,N,,,,,,강남소방서,02-6981-7443,2025-12-31,서울특별시 강남구 역삼1동
강남-역삼-000046,1,서울특별시,강남구,11380,서울특별시 강남구 역삼로4길 22 ,서울특별시 강남구 역삼동 832-56 ,37.4920151991111,127.032440511111,,역삼119안전센터,N,,,,,,강남소방서,02-6981-7443,2025-12-31,서울특별시 강남구 역삼1동
강남-역삼-000052,1,서울특별시,강남구,11380,서울특별시 강남구 봉은사로 106 강남마샤전자담배앞,서울특별시 강남구 역삼동 601  강남마샤전자담배앞,37.5043619081111,127.025395151111,요거프레스,역삼119안전센터,N,,,,,,강남소방서,02-6981-7443,2025-12-31,서울특별시 강남구 역삼1동
강남-역삼-000069,1,서울특별시,강남구,11680,서울특별시 강남구 논현로63길 8 세모신용협동조합,서울특별시 강남구 역삼동 797-27 세모신용협동조합,37.493170911111,127.039576891111,남산빌딩,역삼119안전센터,N,,,,,,강남소방서,02-6981-7443,2025-12-31,서울특별시 강남구 역삼1동
강남-역삼-000077,1,서울특별시,강남구,11680,서울특별시 강남구 테헤란로27길 16 BMY역삼타워,서울특별시 강남구 역삼동 678-10 BMY역삼타워,37.5024931441111,127.037805471111,서울비젼 사옥,역삼119안전센터,N,,,,,,강남소방서,02-6981-7443,2025-12-31,서울특별시 강남구 역삼1동
강남-역삼-000080,1,서울특별시,강남구,11680,서울특별시 강남구 봉은사로 302 역삼아모제SK리더스뷰,서울특별시 강남구 역삼동 680  역삼아모제SK리더스뷰,37.5085478111111,127.038890961111,대신저축은행 앞,역삼119안전센터,N,,,,,,강남소방서,02-6981-7443,2025-12-31,서울특별시 강남구 역삼1동
강남-역삼-000082,2,서울특별시,강남구,11680,서울특별시 강남구 테헤란로7길 7 ,서울특별시 강남구 역삼동 649-5 ,37.4993443721111,127.030920021111,규정빌딩,역삼119안전센터,N,,,,,,강남소방서,02-6981-7443,2025-12-31,서울특별시 강남구 역삼1동
강남-역삼-000084,1,서울특별시,강남구,11680,서울특별시 강남구 테헤란로 114 ,서울특별시 강남구 역삼동 824  ,37.4981302871111,127.029590351111,한맥빌딩,역삼119안전센터,N,,,,,,강남소방서,02-6981-7443,2025-12-31,서울특별시 강남구 역삼1동
강남-역삼-000088,2,서울특별시,강남구,11680,서울특별시 강남구 테헤란로 115 동원빌딩,서울특별시 강남구 역삼동 649-10 동원빌딩,37.4987552011111,127.029917781111,영동관광호텔,역삼119안전센터,N,,,,,,강남소방서,02-6981-7443,2025-12-31,서울특별시 강남구 역삼1동
강남-역삼-000094,1,서울특별시,강남구,11680,서울특별시 강남구 논현로 538 광혜의원,서울특별시 강남구 역삼동 667-7 광혜의원,37.5042359321111,127.035449931111,금원빌딩,역삼119안전센터,N,,,,,,강남소방서,02-6981-7443,2025-12-31,서울특별시 강남구 역삼1동
강남-역삼-000100,1,서울특별시,강남구,11680,서울특별시 강남구 언주로 551 역삼골프장,서울특별시 강남구 역삼동 654-3 역삼골프장,37.5075548111111,127.039207341111,,역삼119안전센터,N,,,,,,강남소방서,02-6981-7443,2025-12-31,서울특별시 강남구 역삼1동
강남-역삼-000104,1,서울특별시,강남구,11680,서울특별시 강남구 강남대로 330 준호헤어 앞,서울특별시 강남구 역삼동 832-2 준호헤어 앞,37.4929289961111,127.030320661111,,역삼119안전센터,N,,,,,,강남소방서,02-6981-7443,2025-12-31,서울특별시 강남구 역삼1동
강남-역삼-000248,1,서울특별시,강남구,11680,서울특별시 강남구 강남대로 102-11 세븐일레븐앞,서울특별시 강남구 역삼동 814  세븐일레븐앞,37.5017145591111,127.026716511111,스타팅빌딩,역삼119안전센터,N,,,,,,강남소방서,02-6981-7443,2025-12-31,서울특별시 강남구 역삼1동
강남-영동-000294,2,서울특별시,강남구,11680,서울특별시 강남구 봉은사로 137 상원빌딩,서울특별시 강남구 논현동 204-3 상원빌딩,37.5061245511111,127.029789031111,,영동119안전센터,N,,,,,,강남소방서,02-6981-7443,2025-12-31,서울특별시 강남구 역삼1동
강남-영동-000295,2,서울특별시,강남구,11680,서울특별시 강남구 봉은사로 151 스타힐빌딩,서울특별시 강남구 논현동 205-5 스타힐빌딩,37.5064437461111,127.031022321111,금양빌딩,영동119안전센터,N,,,,,,강남소방서,02-6981-7443,2025-12-31,서울특별시 강남구 역삼1동
강남-영동-000296,2,서울특별시,강남구,11680,서울특별시 강남구 봉은사로 229 ,서울특별시 강남구 논현동 237-12 ,37.5083637041111,127.037432791111,두산빌딩,영동119안전센터,N,,,,,,강남소방서,02-6981-7443,2025-12-31,서울특별시 강남구 역삼1동
강남-영동-000297,2,서울특별시,강남구,11680,서울특별시 강남구 봉은사로43길 6-6 이안논현 빌라트,서울특별시 강남구 논현동 277-25 이안논현 빌라트,37.5093450251111,127.040640541111,도곡삼호상가,영동119안전센터,N,,,,,,강남소방서,02-6981-7443,2025-12-31,서울특별시 강남구 역삼1동
강남-영동-000300,2,서울특별시,강남구,11680,서울특별시 강남구 봉은사로 111 ,서울특별시 강남구 논현동 201-12 ,37.5049046911111,127.025698511111,IBK은행,영동119안전센터,N,,,,,,강남소방서,02-6981-7443,2025-12-31,서울특별시 강남구 역삼1동
강남-역삼-000301,2,서울특별시,강남구,11680,서울특별시 강남구 논현로 305 다리빌딩,서울특별시 강남구 역삼동  다리빌딩,37.4924251561111,127.040674771111,,역삼119안전센터,N,,,,,,강남소방서,02-6981-7443,2025-12-31,서울특별시 강남구 역삼1동
강남-역삼-000304,2,서울특별시,강남구,11680,서울특별시 강남구 선릉로 521 더 그레이스,서울특별시 강남구 역삼동 696-37 더 그레이스,37.5059838941111,127.048093241111,영남빌딩,역삼119안전센터,N,,,,,,강남소방서,02-6981-7443,2025-12-31,서울특별시 강남구 역삼1동
강남-역삼-000305,2,서울특별시,강남구,11680,서울특별시 강남구 도곡로7길 12 ,서울특별시 강남구 역삼동 835-66 ,37.4912825051111,127.034811781111,영동정형외과,역삼119안전센터,N,,,,,,강남소방서,02-6981-7443,2025-12-31,서울특별시 강남구 역삼1동
강남-영동-000306,1,서울특별시,강남구,11680,서울특별시 강남구 봉은사로 219 두남빌딩,서울특별시 강남구 논현동 236-11 두남빌딩,37.5079039761111,127.035938951111,강남파라곤,영동119안전센터,N,,,,,,강남소방서,02-6981-7443,2025-12-31,서울특별시 강남구 역삼1동
강남-영동-000307,2,서울특별시,강남구,11680,서울특별시 강남구 봉은사로25길 4 근동빌딩,서울특별시 강남구 논현동 192-23 근동빌딩,37.5070726751111,127.033080381111,,영동119안전센터,N,,,,,,강남소방서,02-6981-7443,2025-12-31,서울특별시 강남구 역삼1동
강남-역삼-000309,2,서울특별시,강남구,11680,서울특별시 강남구 논현로 526 ,서울특별시 강남구 역삼동 668  ,37.503249611111,127.035900811111, 현대인텔렉스빌딩,역삼119안전센터,N,,,,,,강남소방서,02-6981-7443,2025-12-31,서울특별시 강남구 역삼1동
강남-역삼-000310,1,서울특별시,강남구,11680,서울특별시 강남구 테헤란로33길 19 SHINEBAR,서울특별시 강남구 역삼동 671-27 SHINEBAR,37.5030205631111,127.039098411111,세븐일레븐앞,역삼119안전센터,N,,,,,,강남소방서,02-6981-7443,2025-12-31,서울특별시 강남구 역삼1동
강남-역삼-000311,2,서울특별시,강남구,11680,서울특별시 강남구 테헤란로 111 대건빌딩,서울특별시 강남구 역삼동 822-5 대건빌딩,37.4986112961111,127.029462511111, 직업학교,역삼119안전센터,N,,,,,,강남소방서,02-6981-7443,2025-12-31,서울특별시 강남구 역삼1동
강남-역삼-000312,1,서울특별시,강남구,11680,서울특별시 강남구 강남대로94길 54 ,서울특별시 강남구 역삼동 648-3 ,37.5002941071111,127.031746751111,그랑프리쇼핑센타,역삼119안전센터,N,,,,,,강남소방서,02-6981-7443,2025-12-31,서울특별시 강남구 역삼1동
강남-역삼-000313,2,서울특별시,강남구,11680,서울특별시 강남구 강남대로 376 선진자동차학원,서울특별시 강남구 역삼동 825-8 선진자동차학원,37.4963596591111,127.028596431111,,역삼119안전센터,N,,,,,,강남소방서,02-6981-7443,2025-12-31,서울특별시 강남구 역삼1동
강남-역삼-000315,1,서울특별시,강남구,11680,서울특별시 강남구 논현로67길 50 ,서울특별시 강남구 역삼동 792-5 ,37.4930118421111,127.035897111111,케이엠빌딩,역삼119안전센터,N,,,,,,강남소방서,02-6981-7443,2025-12-31,서울특별시 강남구 역삼1동
강남-역삼-000318,1,서울특별시,강남구,11680,서울특별시 강남구 테헤란로7길 12 ,서울특별시 강남구 역삼동 648  ,37.4997297411111,127.030745411111,,역삼119안전센터,N,,,,,,강남소방서,02-6981-7443,2025-12-31,서울특별시 강남구 역삼1동
강남-역삼-000327,2,서울특별시,강남구,11680,서울특별시 강남구 봉은사로 214 한솔빌딩,서울특별시 강남구 역삼동 651-3 한솔빌딩,37.5075583531111,127.035546681111,,역삼119안전센터,N,,,,,,강남소방서,02-6981-7443,2025-12-31,서울특별시 강남구 역삼1동
강남-역삼-000328,2,서울특별시,강남구,11680,서울특별시 강남구 봉은사로 178 CHA 여성의학연구소,서울특별시 강남구 역삼동 606-4 CHA 여성의학연구소,37.5069199551111,127.033401781111,,역삼119안전센터,N,,,,,,강남소방서,02-6981-7443,2025-12-31,서울특별시 강남구 역삼1동
강남-역삼-000329,2,서울특별시,강남구,11680,서울특별시 강남구 봉은사로 208 동산빌딩 호텔,서울특별시 강남구 역삼동 650-3 동산빌딩 호텔,37.5073058491111,127.034724931111,스톤건물,역삼119안전센터,N,,,,,,강남소방서,02-6981-7443,2025-12-31,서울특별시 강남구 역삼1동
강남-역삼-000344,2,서울특별시,강남구,11680,서울특별시 강남구 봉은사로 208 다이네즈앞,서울특별시 강남구 역삼동 652-3 다이네즈앞,37.5079108831111,127.036738141111, 에르메스도산파크,역삼119안전센터,N,,,,,,강남소방서,02-6981-7443,2025-12-31,서울특별시 강남구 역삼1동
강남-역삼-000345,2,서울특별시,강남구,11680,서울특별시 강남구 논현로 561 차병원건너편,서울특별시 강남구 역삼동 606-28 차병원건너편,37.5061209311111,127.034252971111,,역삼119안전센터,N,,,,,,강남소방서,02-6981-7443,2025-12-31,서울특별시 강남구 역삼1동
강남-역삼-000347,2,서울특별시,강남구,11680,서울특별시 강남구 테헤란로 201 역삼역7번출구앞,서울특별시 강남구 역삼동 679-4 역삼역7번출구앞,37.5011223941111,127.036880271111,,역삼119안전센터,N,,,,,,강남소방서,02-6981-7443,2025-12-31,서울특별시 강남구 역삼1동
강남-역삼-000348,1,서울특별시,강남구,11680,서울특별시 강남구 역삼로 115 서정빌딩,서울특별시 강남구 역삼동 830-24 서정빌딩,37.4935604711111,127.031834581111,효비,역삼119안전센터,N,,,,,,강남소방서,02-6981-7443,2025-12-31,서울특별시 강남구 역삼1동
강남-역삼-000358,2,서울특별시,강남구,11680,서울특별시 강남구 논현로 545 한국이동통신,서울특별시 강남구 역삼동 607-19 한국이동통신,37.5046805541111,127.034894321111,,역삼119안전센터,N,,,,,,강남소방서,02-6981-7443,2025-12-31,서울특별시 강남구 역삼1동
강남-역삼-000359,2,서울특별시,강남구,11680,서울특별시 강남구 언주로 538 대웅빌딩,서울특별시 강남구 역삼동 689-4 대웅빌딩,37.5059963731111,127.041258471111,건설회관,역삼119안전센터,N,,,,,,강남소방서,02-6981-7443,2025-12-31,서울특별시 강남구 역삼1동
강남-역삼-000360,2,서울특별시,강남구,11680,서울특별시 강남구 언주로 526 (주)룩옵틱스,서울특별시 강남구 역삼동 689-10 (주)룩옵틱스,37.5052219751111,127.041754731111,서울영동교회,역삼119안전센터,N,,,,,,강남소방서,02-6981-7443,2025-12-31,서울특별시 강남구 역삼1동
강남-역삼-000361,2,서울특별시,강남구,11680,서울특별시 강남구 선릉로 537 미네르바,서울특별시 강남구 역삼동 694-25 미네르바,37.5071277081111,127.046577781111,,역삼119안전센터,N,,,,,,강남소방서,02-6981-7443,2025-12-31,서울특별시 강남구 역삼1동
강남-역삼-000362,2,서울특별시,강남구,11680,서울특별시 강남구 논현로 517 파인빌딩,서울특별시 강남구 역삼동 641-9 파인빌딩,37.5025509551111,127.035931911111,소호빌딩,역삼119안전센터,N,,,,,,강남소방서,02-6981-7443,2025-12-31,서울특별시 강남구 역삼1동
강남-역삼-000364,2,서울특별시,강남구,11680,서울특별시 강남구 테헤란로8길 30 에도주가,서울특별시 강남구 역삼동 827-58 에도주가,37.4968127971111,127.031939811111, 더코너힐,역삼119안전센터,N,,,,,,강남소방서,02-6981-7443,2025-12-31,서울특별시 강남구 역삼1동
강남-역삼-000365,2,서울특별시,강남구,11680,서울특별시 강남구 역삼로7길 21 올림픽 카센타,서울특별시 강남구 역삼동 830-39 올림픽 카센타,37.4953891041111,127.03263811111,,역삼119안전센터,N,,,,,,강남소방서,02-6981-7443,2025-12-31,서울특별시 강남구 역삼1동
강남-역삼-000366,1,서울특별시,강남구,11680,서울특별시 강남구 봉은사로38길 4 ,서울특별시 강남구 역삼동 652-6 ,37.5079836511111,127.037364951111,,역삼119안전센터,N,,,,,,강남소방서,02-6981-7443,2025-12-31,서울특별시 강남구 역삼1동
강남-역삼-000369,1,서울특별시,강남구,11680,서울특별시 강남구 선릉로 529 함양재빌딩,서울특별시 강남구 역삼동 696-28 함양재빌딩,37.5067018611111,127.047226811111,,역삼119안전센터,N,,,,,,강남소방서,02-6981-7443,2025-12-31,서울특별시 강남구 역삼1동
강남-역삼-000370,1,서울특별시,강남구,11680,서울특별시 강남구 테헤란로53길 48 밝은세상부동산,서울특별시 강남구 역삼동 695  밝은세상부동산,37.5069532731111,127.044897411111,포스코빌딩,역삼119안전센터,N,,,,,,강남소방서,02-6981-7443,2025-12-31,서울특별시 강남구 역삼1동
강남-역삼-000373,1,서울특별시,강남구,11680,서울특별시 강남구 강남대로 402 시계탑빌딩,서울특별시 강남구 역삼동 820-11 시계탑빌딩,37.4988687441111,127.027365521111,,역삼119안전센터,N,,,,,,강남소방서,02-6981-7443,2025-12-31,서울특별시 강남구 역삼1동
강남-역삼-000374,1,서울특별시,강남구,11680,서울특별시 강남구 강남대로96길 9 ,서울특별시 강남구 역삼동 817-11 ,37.4996885331111,127.027677091111,,역삼119안전센터,N,,,,,,강남소방서,02-6981-7443,2025-12-31,서울특별시 강남구 역삼1동
강남-역삼-000375,1,서울특별시,강남구,11680,서울특별시 강남구 강남대로98길 9 ,서울특별시 강남구 역삼동 619-27 ,37.5006052071111,127.027236581111,삼화빌딩,역삼119안전센터,N,,,,,,강남소방서,02-6981-7443,2025-12-31,서울특별시 강남구 역삼1동
강남-역삼-000376,1,서울특별시,강남구,11680,서울특별시 강남구 테헤란로5길 53 ,서울특별시 강남구 역삼동 621-33 ,37.5018397871111,127.029527531111,동암빌딩,역삼119안전센터,N,,,,,,강남소방서,02-6981-7443,2025-12-31,서울특별시 강남구 역삼1동
강남-역삼-000377,1,서울특별시,강남구,11680,서울특별시 강남구 테헤란로5길 31 ,서울특별시 강남구 역삼동 817-27 ,37.5007073541111,127.028854281111,안보빌딩,역삼119안전센터,N,,,,,,강남소방서,02-6981-7443,2025-12-31,서울특별시 강남구 역삼1동
강남-역삼-000378,1,서울특별시,강남구,11680,서울특별시 강남구 선릉로105길 10 일반주택,서울특별시 강남구 역삼동 683-8 일반주택,37.5080729861111,127.043839591111,덕암빌딩,역삼119안전센터,N,,,,,,강남소방서,02-6981-7443,2025-12-31,서울특별시 강남구 역삼1동
강남-역삼-000379,1,서울특별시,강남구,11680,서울특별시 강남구 봉은사로44길 75 일반주택,서울특별시 강남구 역삼동 698-27 일반주택,37.5052595441111,127.043499311111, 상원빌딩,역삼119안전센터,N,,,,,,강남소방서,02-6981-7443,2025-12-31,서울특별시 강남구 역삼1동
강남-역삼-000380,1,서울특별시,강남구,11680,서울특별시 강남구 역삼로 128 ,서울특별시 강남구 역삼동 834  ,37.4938890351111,127.03358911111,스타힐빌딩,역삼119안전센터,N,,,,,,강남소방서,02-6981-7443,2025-12-31,서울특별시 강남구 역삼1동
강남-역삼-000381,1,서울특별시,강남구,11680,서울특별시 강남구 역삼로8길 21 유학네트 빌딩,서울특별시 강남구 역삼동 834-27 유학네트 빌딩,37.4926274061111,127.034519131111,,역삼119안전센터,N,,,,,,강남소방서,02-6981-7443,2025-12-31,서울특별시 강남구 역삼1동
강남-역삼-000382,1,서울특별시,강남구,11680,서울특별시 강남구 선릉로93길 8 상지빌딩,서울특별시 강남구 역삼동 696-18 상지빌딩,37.5053746531111,127.047847261111,이안논현 빌라트,역삼119안전센터,N,,,,,,강남소방서,02-6981-7443,2025-12-31,서울특별시 강남구 역삼1동
강남-역삼-000383,1,서울특별시,강남구,11680,서울특별시 강남구 테헤란로33길 7 용성빌딩,서울특별시 강남구 역삼동 678-28 용성빌딩,37.5023099681111,127.039422481111,,역삼119안전센터,N,,,,,,강남소방서,02-6981-7443,2025-12-31,서울특별시 강남구 역삼1동
강남-역삼-000384,2,서울특별시,강남구,11680,서울특별시 강남구 역삼로 109 에스케이허브젠,서울특별시 강남구 역삼동 831-45 에스케이허브젠,37.4933293781111,127.031097411111,대림빌딩,역삼119안전센터,N,,,,,,강남소방서,02-6981-7443,2025-12-31,서울특별시 강남구 역삼1동
강남-역삼-000385,2,서울특별시,강남구,11680,서울특별시 강남구 역삼로 123 동보빌딩,서울특별시 강남구 역삼동 830-69 동보빌딩,37.4939583271111,127.033078791111,,역삼119안전센터,N,,,,,,강남소방서,02-6981-7443,2025-12-31,서울특별시 강남구 역삼1동
강남-역삼-000386,2,서울특별시,강남구,11680,서울특별시 강남구 역삼로 175 로케트빌딩,서울특별시 강남구 역삼동 747-29 로케트빌딩,37.4955198881111,127.038244431111,다리빌딩,역삼119안전센터,N,,,,,,강남소방서,02-6981-7443,2025-12-31,서울특별시 강남구 역삼1동
강남-역삼-000387,2,서울특별시,강남구,11680,서울특별시 강남구 논현로 427 KT&G,서울특별시 강남구 역삼동 738-14 KT&G,37.4988386181111,127.037689071111,역삼훼미리,역삼119안전센터,N,,,,,,강남소방서,02-6981-7443,2025-12-31,서울특별시 강남구 역삼1동
강남-역삼-000407,1,서울특별시,강남구,11680,서울특별시 강남구 봉은사로18길 81 ,서울특별시 강남구 역삼동 621-15 ,37.5012059711111,127.027714171111,,역삼119안전센터,N,,,,,,강남소방서,02-6981-7443,2025-12-31,서울특별시 강남구 역삼1동
강남-역삼-000472,2,서울특별시,강남구,11680,서울특별시 강남구 역삼로 179 한빛빌딩,서울특별시 강남구 역삼동 747-20 한빛빌딩,37.4957043331111,127.038916231111,안산빌딩,역삼119안전센터,N,,,,,,강남소방서,02-6981-7443,2025-12-31,서울특별시 강남구 역삼1동
강남-역삼-000541,1,서울특별시,강남구,11680,서울특별시 강남구 논현로 309 ,서울특별시 강남구 역삼동 798-11 ,37.4928000211111,127.040354391111,아셈타워,역삼119안전센터,N,,,,,,강남소방서,02-6981-7443,2025-12-31,서울특별시 강남구 역삼1동
강남-역삼-000543,1,서울특별시,강남구,11680,서울특별시 강남구 논현로94길 25-3 귀빈장,서울특별시 강남구 역삼동 670-20 귀빈장,37.5030447451111,127.038286731111,코엑스인터컨티넨탈서울,역삼119안전센터,N,,,,,,강남소방서,02-6981-7443,2025-12-31,서울특별시 강남구 역삼1동
강남-역삼-000544,1,서울특별시,강남구,11680,서울특별시 강남구 테헤란로19길 21 ,서울특별시 강남구 역삼동 637-29 ,37.5014024671111,127.033186821111,,역삼119안전센터,N,,,,,,강남소방서,02-6981-7443,2025-12-31,서울특별시 강남구 역삼1동
강남-역삼-000545,1,서울특별시,강남구,11680,서울특별시 강남구 테헤란로25길 47 CJES앞,서울특별시 강남구 역삼동 629-6 CJES앞,37.5035876421111,127.034530161111,및 한국종합무역센타단지,역삼119안전센터,N,,,,,,강남소방서,02-6981-7443,2025-12-31,서울특별시 강남구 역삼1동
강남-역삼-000546,1,서울특별시,강남구,11680,서울특별시 강남구 논현로 409 백남빌딩,서울특별시 강남구 역삼동 747-26 백남빌딩,37.4965284731111,127.038660491111,,역삼119안전센터,N,,,,,,강남소방서,02-6981-7443,2025-12-31,서울특별시 강남구 역삼1동
강남-역삼-000547,1,서울특별시,강남구,11680,서울특별시 강남구 역삼로 161 ,서울특별시 강남구 역삼동 748-31 ,37.4951117371111,127.036890481111,,역삼119안전센터,N,,,,,,강남소방서,02-6981-7443,2025-12-31,서울특별시 강남구 역삼1동
강남-역삼-000548,1,서울특별시,강남구,11680,서울특별시 강남구 역삼로20길 12 성우빌딩,서울특별시 강남구 역삼동 792-53 성우빌딩,37.4944305241111,127.037595221111,코엑스,역삼119안전센터,N,,,,,,강남소방서,02-6981-7443,2025-12-31,서울특별시 강남구 역삼1동
강남-역삼-000583,2,서울특별시,강남구,11680,서울특별시 강남구 테헤란로8길 8 우남빌딩,서울특별시 강남구 역삼동 824-22 우남빌딩,37.4983454891111,127.031217221111,오월빌딩,역삼119안전센터,N,,,,,,강남소방서,02-6981-7443,2025-12-31,서울특별시 강남구 역삼1동
강남-역삼-000591,2,서울특별시,강남구,11680,서울특별시 강남구 역삼로 120 성보역삼빌딩,서울특별시 강남구 역삼동 833-2 성보역삼빌딩,37.4935736761111,127.032380441111,,역삼119안전센터,N,,,,,,강남소방서,02-6981-7443,2025-12-31,서울특별시 강남구 역삼1동
강남-역삼-000686,1,서울특별시,강남구,11680,서울특별시 강남구 언주로 517 KT영동지점,서울특별시 강남구 역삼동 675-3 KT영동지점,37.5040583531111,127.041828611111,,역삼119안전센터,N,,,,,,강남소방서,02-6981-7443,2025-12-31,서울특별시 강남구 역삼1동
강남-역삼-000695,1,서울특별시,강남구,11680,서울특별시 강남구 논현로 333 삼형빌딩,서울특별시 강남구 역삼동 797-3 삼형빌딩,37.4949754611111,127.039494041111,,역삼119안전센터,N,,,,,,강남소방서,02-6981-7443,2025-12-31,서울특별시 강남구 역삼1동
강남-역삼-000696,2,서울특별시,강남구,11680,서울특별시 강남구 논현로 313 서림빌딩,서울특별시 강남구 역삼동 798-3 서림빌딩,37.4932687821111,127.040254251111,서진빌딩,역삼119안전센터,N,,,,,,강남소방서,02-6981-7443,2025-12-31,서울특별시 강남구 역삼1동
강남-역삼-000750,2,서울특별시,강남구,11680,서울특별시 강남구 언주로 552 MJC빌딩,서울특별시 강남구 역삼동 688-5 MJC빌딩,37.5069402361111,127.040352691111,삼성빌딩,역삼119안전센터,N,,,,,,강남소방서,02-6981-7443,2025-12-31,서울특별시 강남구 역삼1동
강남-역삼-000751,2,서울특별시,강남구,11680,서울특별시 강남구 봉은사로 302 역삼SK리더스뷰,서울특별시 강남구 역삼동 680  역삼SK리더스뷰,37.5083719941111,127.038967091111,,역삼119안전센터,N,,,,,,강남소방서,02-6981-7443,2025-12-31,서울특별시 강남구 역삼1동
강남-역삼-000783,1,서울특별시,강남구,11680,서울특별시 강남구 테헤란로20길 10 쓰리엠타워,서울특별시 강남구 역삼동 735-32 쓰리엠타워,37.4991944871111,127.034254461111,윤정용건물,역삼119안전센터,N,,,,,,강남소방서,02-6981-7443,2025-12-31,서울특별시 강남구 역삼1동
강남-역삼-000784,1,서울특별시,강남구,11680,서울특별시 강남구 테헤란로14길 33 일반주택,서울특별시 강남구 역삼동 741-8 일반주택,37.4970458941111,127.034006411111,진우빌딩다래전시장,역삼119안전센터,N,,,,,,강남소방서,02-6981-7443,2025-12-31,서울특별시 강남구 역삼1동
강남-역삼-000785,1,서울특별시,강남구,11680,서울특별시 강남구 테헤란로4길 35 금모래주차장,서울특별시 강남구 역삼동 827-14 금모래주차장,37.4960048521111,127.030519421111,고코로건물,역삼119안전센터,N,,,,,,강남소방서,02-6981-7443,2025-12-31,서울특별시 강남구 역삼1동
강남-역삼-000786,1,서울특별시,강남구,11680,서울특별시 강남구 강남대로62길 31 ,서울특별시 강남구 역삼동 836-48 ,37.4908010911111,127.033996111111,일반주택,역삼119안전센터,N,,,,,,강남소방서,02-6981-7443,2025-12-31,서울특별시 강남구 역삼1동
강남-역삼-000787,1,서울특별시,강남구,11680,서울특별시 강남구 역삼로17길 25 일반주택,서울특별시 강남구 역삼동 744-8 일반주택,37.4963465411111,127.036407761111,,역삼119안전센터,N,,,,,,강남소방서,02-6981-7443,2025-12-31,서울특별시 강남구 역삼1동
강남-역삼-000788,1,서울특별시,강남구,11680,서울특별시 강남구 봉은사로18길 53 일반주택골목길,서울특별시 강남구 역삼동 622-14 일반주택골목길,37.5030388471111,127.028732741111,보고 BOGO)빌딩,역삼119안전센터,N,,,,,,강남소방서,02-6981-7443,2025-12-31,서울특별시 강남구 역삼1동
강남-역삼-000789,1,서울특별시,강남구,11680,서울특별시 강남구 강남대로110길 83-10 일반주택,서울특별시 강남구 역삼동 624-27 일반주택,37.5036038011111,127.031305191111,,역삼119안전센터,N,,,,,,강남소방서,02-6981-7443,2025-12-31,서울특별시 강남구 역삼1동
강남-역삼-000793,1,서울특별시,강남구,11680,서울특별시 강남구 도곡로13길 20 일반주택,서울특별시 강남구 역삼동 793-24 일반주택,37.4922859061111,127.036281611111,,역삼119안전센터,N,,,,,,강남소방서,02-6981-7443,2025-12-31,서울특별시 강남구 역삼1동
강남-역삼-000799,1,서울특별시,강남구,11680,서울특별시 강남구 봉은사로38길 21 호아빌,서울특별시 강남구 역삼동 656-14 호아빌,37.5069004791111,127.037933571111,,역삼119안전센터,N,,,,,,강남소방서,02-6981-7443,2025-12-31,서울특별시 강남구 역삼1동
강남-역삼-000800,1,서울특별시,강남구,11680,서울특별시 강남구 테헤란로37길 34 일반주택,서울특별시 강남구 역삼동 674-5 일반주택,37.5041877071111,127.040107981111,,역삼119안전센터,N,,,,,,강남소방서,02-6981-7443,2025-12-31,서울특별시 강남구 역삼1동
강남-역삼-000801,1,서울특별시,강남구,11680,서울특별시 강남구 테헤란로37길 13-7 일반건물,서울특별시 강남구 역삼동 677-15 일반건물,37.5027769761111,127.039887311111,,역삼119안전센터,N,,,,,,강남소방서,02-6981-7443,2025-12-31,서울특별시 강남구 역삼1동
강남-역삼-000811,1,서울특별시,강남구,11680,서울특별시 강남구 테헤란로53길 22 크린토피아 앞,서울특별시 강남구 역삼동 696  크린토피아 앞,37.5057567711111,127.046315031111,허브크리닝,역삼119안전센터,N,,,,,,강남소방서,02-6981-7443,2025-12-31,서울특별시 강남구 역삼1동
강남-역삼-000812,1,서울특별시,강남구,11680,서울특별시 강남구 언주로106길 15 일반주택,서울특별시 강남구 역삼동 687-9 일반주택,37.5078259561111,127.041200941111,대우로얄카운티,역삼119안전센터,N,,,,,,강남소방서,02-6981-7443,2025-12-31,서울특별시 강남구 역삼1동
강남-역삼-000813,1,서울특별시,강남구,11680,서울특별시 강남구 테헤란로55길 40 삼호맨션,서울특별시 강남구 역삼동 695-24 삼호맨션,37.5065200321111,127.045682451111,산봉화로구이,역삼119안전센터,N,,,,,,강남소방서,02-6981-7443,2025-12-31,서울특별시 강남구 역삼1동
강남-역삼-000815,2,서울특별시,강남구,11680,서울특별시 강남구 봉은사로 312 하나빌,서울특별시 강남구 역삼동 681-35 하나빌,37.5092994971111,127.041284071111,비케이타워,역삼119안전센터,N,,,,,,강남소방서,02-6981-7443,2025-12-31,서울특별시 강남구 역삼1동
강남-역삼-000816,2,서울특별시,강남구,11680,서울특별시 강남구 봉은사로 328 창일빌딩,서울특별시 강남구 역삼동 682-7 창일빌딩,37.5097688641111,127.042940051111,삼안빌딩,역삼119안전센터,N,,,,,,강남소방서,02-6981-7443,2025-12-31,서울특별시 강남구 역삼1동
강남-역삼-000817,2,서울특별시,강남구,11680,서울특별시 강남구 봉은사로 140 대림빌딩,서울특별시 강남구 역삼동 603-7 대림빌딩,37.5058955471111,127.030086451111,,역삼119안전센터,N,,,,,,강남소방서,02-6981-7443,2025-12-31,서울특별시 강남구 역삼1동
강남-역삼-000818,2,서울특별시,강남구,11680,서울특별시 강남구 테헤란로 137 ,서울특별시 강남구 역삼동 646  ,37.4999882851111,127.033956861111,,역삼119안전센터,Y,,,,,,강남소방서,02-6981-7443,2025-12-31,서울특별시 강남구 역삼1동
강남-역삼-000819,2,서울특별시,강남구,11680,서울특별시 강남구 테헤란로 145 성지하이츠,서울특별시 강남구 역삼동 646-15 성지하이츠,37.5005091021111,127.035608861111,,역삼119안전센터,Y,,,,,,강남소방서,02-6981-7443,2025-12-31,서울특별시 강남구 역삼1동
강남-역삼-000820,2,서울특별시,강남구,11680,서울특별시 강남구 봉은사로 120 리츠칼튼호텔,서울특별시 강남구 역삼동 602  리츠칼튼호텔,37.5051943631111,127.027836871111,,역삼119안전센터,N,,,,,,강남소방서,02-6981-7443,2025-12-31,서울특별시 강남구 역삼1동
강남-역삼-000821,2,서울특별시,강남구,11680,서울특별시 강남구 논현로 323 ,서울특별시 강남구 역삼동 797-20 ,37.4939514311111,127.039963351111,,역삼119안전센터,N,,,,,,강남소방서,02-6981-7443,2025-12-31,서울특별시 강남구 역삼1동
강남-역삼-000822,2,서울특별시,강남구,11680,서울특별시 강남구 논현로 421 상형빌딩,서울특별시 강남구 역삼동 738-30 상형빌딩,37.4978314871111,127.038154781111,,역삼119안전센터,N,,,,,,강남소방서,02-6981-7443,2025-12-31,서울특별시 강남구 역삼1동
강남-역삼-000826,1,서울특별시,강남구,11680,서울특별시 강남구 도곡로23길 32 역삼동 우성 빌라트,서울특별시 강남구 역삼동 797-12 역삼동 우성 빌라트,37.4940470851111,127.039135931111,오페라하우스,역삼119안전센터,N,,,,,,강남소방서,02-6981-7443,2025-12-31,서울특별시 강남구 역삼1동
강남-역삼-000858,1,서울특별시,강남구,11680,서울특별시 강남구 봉은사로24길 65 ,서울특별시 강남구 역삼동 630-1 ,37.5023994551111,127.032099321111,방범초소,역삼119안전센터,N,,,,,,강남소방서,02-6981-7443,2025-12-31,서울특별시 강남구 역삼1동
강남-역삼-000859,1,서울특별시,강남구,11680,서울특별시 강남구 논현로94길 11 반도유스호스텔정문,서울특별시 강남구 역삼동 669-16 반도유스호스텔정문,37.5023121521111,127.037099041111,천호균건물,역삼119안전센터,N,,,,,,강남소방서,02-6981-7443,2025-12-31,서울특별시 강남구 역삼1동
강남-영동-000886,2,서울특별시,강남구,11680,서울특별시 강남구 봉은사로 119 ,서울특별시 강남구 논현동 202-16 ,37.5051286551111,127.026470811111,일반건물,영동119안전센터,N,,,,,,강남소방서,02-6981-7443,2025-12-31,서울특별시 강남구 역삼1동
강남-역삼-000899,1,서울특별시,강남구,11680,서울특별시 강남구 언주로107길 33 공터모서리앞,서울특별시 강남구 역삼동 658-8 공터모서리앞,37.5071335611111,127.036740751111,상형빌딩,역삼119안전센터,N,,,,,,강남소방서,02-6981-7443,2025-12-31,서울특별시 강남구 역삼1동
강남-역삼-000900,1,서울특별시,강남구,11680,서울특별시 강남구 언주로 563 일진스포월드,서울특별시 강남구 역삼동 653-4 일진스포월드,37.5074262231111,127.038689451111,역삼동 우성 빌라트,역삼119안전센터,N,,,,,,강남소방서,02-6981-7443,2025-12-31,서울특별시 강남구 역삼1동
강남-역삼-000901,1,서울특별시,강남구,11680,서울특별시 강남구 봉은사로30길 32 일반주택,서울특별시 강남구 역삼동 659-22 일반주택,37.5054385641111,127.035681861111,BMW모터스,역삼119안전센터,N,,,,,,강남소방서,02-6981-7443,2025-12-31,서울특별시 강남구 역삼1동
강남-역삼-000902,1,서울특별시,강남구,11680,서울특별시 강남구 언주로103길 30 일반주택,서울특별시 강남구 역삼동 656-10 일반주택,37.5061103251111,127.037759411111,916빌딩,역삼119안전센터,N,,,,,,강남소방서,02-6981-7443,2025-12-31,서울특별시 강남구 역삼1동
강남-역삼-000903,1,서울특별시,강남구,11680,서울특별시 강남구 논현로102길 15 일반주택,서울특별시 강남구 역삼동 660-8 일반주택,37.5050043981111,127.036343121111,,역삼119안전센터,N,,,,,,강남소방서,02-6981-7443,2025-12-31,서울특별시 강남구 역삼1동
강남-역삼-000904,1,서울특별시,강남구,11680,서울특별시 강남구 봉은사로30길 59 충현교육관 앞,서울특별시 강남구 역삼동 669  충현교육관 앞,37.5036643141111,127.036650841111,,역삼119안전센터,N,,,,,,강남소방서,02-6981-7443,2025-12-31,서울특별시 강남구 역삼1동
강남-역삼-000905,1,서울특별시,강남구,11680,서울특별시 강남구 봉은사로34길 57 일반주택,서울특별시 강남구 역삼동 664-7 일반주택,37.5045363951111,127.038418581111,제이타워,역삼119안전센터,N,,,,,,강남소방서,02-6981-7443,2025-12-31,서울특별시 강남구 역삼1동
강남-역삼-000906,1,서울특별시,강남구,11680,서울특별시 강남구 언주로97길 8 창해에탄올사옥,서울특별시 강남구 역삼동 662-13 창해에탄올사옥,37.5052605411111,127.04056511111,법무사회관,역삼119안전센터,N,,,,,,강남소방서,02-6981-7443,2025-12-31,서울특별시 강남구 역삼1동
강남-역삼-000907,1,서울특별시,강남구,11680,서울특별시 강남구 선릉로107길 25 아미가미용실앞,서울특별시 강남구 역삼동 681-46 아미가미용실앞,37.5088532521111,127.042304521111,B&S빌딩,역삼119안전센터,N,,,,,,강남소방서,02-6981-7443,2025-12-31,서울특별시 강남구 역삼1동
강남-역삼-000908,2,서울특별시,강남구,11680,서울특별시 강남구 선릉로 567 대운빌딩,서울특별시 강남구 역삼동 682-23 대운빌딩,37.5090075371111,127.044220281111,,역삼119안전센터,N,,,,,,강남소방서,02-6981-7443,2025-12-31,서울특별시 강남구 역삼1동
강남-역삼-000909,1,서울특별시,강남구,11680,서울특별시 강남구 봉은사로48길 29 역삼동 다세대주택,서울특별시 강남구 역삼동 685-3 역삼동 다세대주택,37.5074083531111,127.042139081111,,역삼119안전센터,N,,,,,,강남소방서,02-6981-7443,2025-12-31,서울특별시 강남구 역삼1동
강남-역삼-000910,1,서울특별시,강남구,11680,서울특별시 강남구 봉은사로44길 45 호텔 더마크 해운대 앞,서울특별시 강남구 역삼동 690-4 호텔 더마크 해운대 앞,37.5062592121111,127.041713411111,,역삼119안전센터,N,,,,,,강남소방서,02-6981-7443,2025-12-31,서울특별시 강남구 역삼1동
강남-역삼-000911,2,서울특별시,강남구,11680,서울특별시 강남구 테헤란로53길 57-5 일반주택,서울특별시 강남구 역삼동 698-1 일반주택,37.5066971641111,127.043874711111,,역삼119안전센터,N,,,,,,강남소방서,02-6981-7443,2025-12-31,서울특별시 강남구 역삼1동
강남-역삼-000912,1,서울특별시,강남구,11680,서울특별시 강남구 강남대로102길 25 평강쌀상회,서울특별시 강남구 역삼동 812-14 평강쌀상회,37.5026533481111,127.027572541111,주엠케이트랜드,역삼119안전센터,N,,,,,,강남소방서,02-6981-7443,2025-12-31,서울특별시 강남구 역삼1동
강남-역삼-000913,1,서울특별시,강남구,11680,서울특별시 강남구 테헤란로13길 49 기원유료주차장앞,서울특별시 강남구 역삼동 633-6 기원유료주차장앞,37.5029505211111,127.031108871111,선희,역삼119안전센터,N,,,,,,강남소방서,02-6981-7443,2025-12-31,서울특별시 강남구 역삼1동
강남-역삼-000914,1,서울특별시,강남구,11680,서울특별시 강남구 테헤란로13길 31-7 프리우스역삼아파트 2차,서울특별시 강남구 역삼동 636  프리우스역삼아파트 2차,37.5010430041111,127.031034761111,,역삼119안전센터,N,,,,,,강남소방서,02-6981-7443,2025-12-31,서울특별시 강남구 역삼1동
강남-역삼-000915,1,서울특별시,강남구,11680,서울특별시 강남구 논현로95길 10 하버드빌딩,서울특별시 강남구 역삼동 640-21 하버드빌딩,37.5022626711111,127.035168551111,멤버스카운티3차,역삼119안전센터,N,,,,,,강남소방서,02-6981-7443,2025-12-31,서울특별시 강남구 역삼1동
강남-역삼-000916,1,서울특별시,강남구,11680,서울특별시 강남구 강남대로94길 95 삐삐아동복건물옆,서울특별시 강남구 역삼동 644-19 삐삐아동복건물옆,37.5009934041111,127.035237931111,프러스원,역삼119안전센터,N,,,,,,강남소방서,02-6981-7443,2025-12-31,서울특별시 강남구 역삼1동
강남-역삼-000917,2,서울특별시,강남구,11680,서울특별시 강남구 테헤란로 134 ,서울특별시 강남구 역삼동 735-3 ,37.4995043091111,127.033742661111,삼보주유소,역삼119안전센터,N,,,,,,강남소방서,02-6981-7443,2025-12-31,서울특별시 강남구 역삼1동
강남-역삼-000918,1,서울특별시,강남구,11680,서울특별시 강남구 강남대로84길 23 한라클라식 오피스텔,서울특별시 강남구 역삼동 824-11 한라클라식 오피스텔,37.4968371061111,127.030174091111,청림빌딩,역삼119안전센터,N,,,,,,강남소방서,02-6981-7443,2025-12-31,서울특별시 강남구 역삼1동
강남-역삼-000919,1,서울특별시,강남구,11680,서울특별시 강남구 논현로85길 52 영빌딩,서울특별시 강남구 역삼동 735-18 영빌딩,37.4978447571111,127.033722461111,,역삼119안전센터,N,,,,,,강남소방서,02-6981-7443,2025-12-31,서울특별시 강남구 역삼1동
강남-역삼-000920,1,서울특별시,강남구,11680,서울특별시 강남구 테헤란로20길 19 역삼LG에클라트오피스텔,서울특별시 강남구 역삼동 736-24 역삼LG에클라트오피스텔,37.4984498821111,127.035489991111,원방빌딩,역삼119안전센터,N,,,,,,강남소방서,02-6981-7443,2025-12-31,서울특별시 강남구 역삼1동
강남-역삼-000923,1,서울특별시,강남구,11680,서울특별시 강남구 논현로79길 41 일반주택,서울특별시 강남구 역삼동 743-3 일반주택,37.4967069991111,127.035056711111,,역삼119안전센터,N,,,,,,강남소방서,02-6981-7443,2025-12-31,서울특별시 강남구 역삼1동
강남-역삼-000924,1,서울특별시,강남구,11680,서울특별시 강남구 논현로79길 16 백조빌딩,서울특별시 강남구 역삼동 738-42 백조빌딩,37.4974742271111,127.036884161111,길반도유스호스텔정문,역삼119안전센터,N,,,,,,강남소방서,02-6981-7443,2025-12-31,서울특별시 강남구 역삼1동
강남-역삼-000925,1,서울특별시,강남구,11680,서울특별시 강남구 테헤란로4길 46 쌍용플래티넘밸류,서울특별시 강남구 역삼동 826-37 쌍용플래티넘밸류,37.4951916511111,127.030959011111,,역삼119안전센터,N,,,,,,강남소방서,02-6981-7443,2025-12-31,서울특별시 강남구 역삼1동
강남-역삼-000926,1,서울특별시,강남구,11680,서울특별시 강남구 역삼로19길 28 ,서울특별시 강남구 역삼동 746-6 ,37.4966848031111,127.037452391111,국악고등학교,역삼119안전센터,N,,,,,,강남소방서,02-6981-7443,2025-12-31,서울특별시 강남구 역삼1동
강남-역삼-000927,1,서울특별시,강남구,11680,서울특별시 강남구 역삼로17길 13 일반주택,서울특별시 강남구 역삼동 749-15 일반주택,37.4956265741111,127.035989931111,포이교육문화관,역삼119안전센터,N,,,,,,강남소방서,02-6981-7443,2025-12-31,서울특별시 강남구 역삼1동
강남-역삼-000928,2,서울특별시,강남구,11680,서울특별시 강남구 역삼로 152 고려빌딩,서울특별시 강남구 역삼동 789-6 고려빌딩,37.4946751821111,127.036013411111,대왕초등학교,역삼119안전센터,N,,,,,,강남소방서,02-6981-7443,2025-12-31,서울특별시 강남구 역삼1동
강남-역삼-000929,1,서울특별시,강남구,11680,서울특별시 강남구 논현로67길 31 이니그마빌,서울특별시 강남구 역삼동 794-4 이니그마빌,37.4935015721111,127.037531611111,점포,역삼119안전센터,N,,,,,,강남소방서,02-6981-7443,2025-12-31,서울특별시 강남구 역삼1동
강남-역삼-000931,1,서울특별시,강남구,11680,서울특별시 강남구 도곡로13길 6 석영빌딩,서울특별시 강남구 역삼동 799  석영빌딩,37.4915394711111,127.036637351111,,역삼119안전센터,N,,,,,,강남소방서,02-6981-7443,2025-12-31,서울특별시 강남구 역삼1동
강남-역삼-000989,2,서울특별시,강남구,11680,서울특별시 강남구 테헤란로 323 휘닉스오피스텔,서울특별시 강남구 역삼동 702-23 휘닉스오피스텔,37.5039912441111,127.046754271111,백조빌딩,역삼119안전센터,N,,,,,,강남소방서,02-6981-7443,2025-12-31,서울특별시 강남구 역삼1동
강남-역삼-001001,1,서울특별시,강남구,11680,서울특별시 강남구 강남대로78길 8 주)빠스또레코리아,서울특별시 강남구 역삼동 831-3 주)빠스또레코리아,37.4947960791111,127.030014661111,이니그마빌,역삼119안전센터,N,,,,,,강남소방서,02-6981-7443,2025-12-31,서울특별시 강남구 역삼1동
강남-역삼-001046,1,서울특별시,강남구,11680,서울특별시 강남구 테헤란로43길 38 cu앞,서울특별시 강남구 역삼동 704  cu앞,37.5056502041111,127.044406861111,홍선빌딩,역삼119안전센터,N,,,,,,강남소방서,02-6981-7443,2025-12-31,서울특별시 강남구 역삼1동
강남-역삼-001047,1,서울특별시,강남구,11680,서울특별시 강남구 역삼로11길 6 명인갤러리,서울특별시 강남구 역삼동 751-1 명인갤러리,37.4946256361111,127.034240241111,,역삼119안전센터,N,,,,,,강남소방서,02-6981-7443,2025-12-31,서울특별시 강남구 역삼1동
강남-역삼-001049,1,서울특별시,강남구,11680,서울특별시 강남구 테헤란로51길 10 ,서울특별시 강남구 역삼동 705  ,37.5047170111111,127.046703491111,,역삼119안전센터,N,,,,,,강남소방서,02-6981-7443,2025-12-31,서울특별시 강남구 역삼1동
강남-역삼-001051,1,서울특별시,강남구,11680,서울특별시 강남구 테헤란로19길 77-9 ,서울특별시 강남구 역삼동 624-10 ,37.5038735211111,127.030226311111,삼성금융프라자,역삼119안전센터,N,,,,,,강남소방서,02-6981-7443,2025-12-31,서울특별시 강남구 역삼1동
강남-역삼-001052,1,서울특별시,강남구,11680,서울특별시 강남구 봉은사로26길 19 파랑새호텔옆,서울특별시 강남구 역삼동 607  파랑새호텔옆,37.5057595861111,127.033672761111,,역삼119안전센터,N,,,,,,강남소방서,02-6981-7443,2025-12-31,서울특별시 강남구 역삼1동
강남-역삼-001053,1,서울특별시,강남구,11680,서울특별시 강남구 봉은사로20길 14 동명빌딩,서울특별시 강남구 역삼동 613-22 동명빌딩,37.5052563681111,127.030681821111,,역삼119안전센터,N,,,,,,강남소방서,02-6981-7443,2025-12-31,서울특별시 강남구 역삼1동
강남-역삼-001054,2,서울특별시,강남구,11680,서울특별시 강남구 테헤란로 147 성지하이츠 2,서울특별시 강남구 역삼동 642-16 성지하이츠 2,37.5006423981111,127.036095621111,정든빌딩,역삼119안전센터,Y,,,,,,강남소방서,02-6981-7443,2025-12-31,서울특별시 강남구 역삼1동
강남-역삼-001056,1,서울특별시,강남구,11680,서울특별시 강남구 봉은사로16길 37 주택,서울특별시 강남구 역삼동 614  주택,37.5038595921111,127.028713331111,,역삼119안전센터,N,,,,,,강남소방서,02-6981-7443,2025-12-31,서울특별시 강남구 역삼1동
강남-역삼-001059,1,서울특별시,강남구,11680,서울특별시 강남구 언주로99길 23 일반주택,서울특별시 강남구 역삼동 664-4 일반주택,37.5053087381111,127.039055011111,라마다호텔,역삼119안전센터,N,,,,,,강남소방서,02-6981-7443,2025-12-31,서울특별시 강남구 역삼1동
강남-역삼-001148,1,서울특별시,강남구,11680,서울특별시 강남구 논현로102길 33 충현교회뒤,서울특별시 강남구 역삼동 660-33 충현교회뒤,37.5055594811111,127.037889331111,일오삼공인중개사,역삼119안전센터,N,,,,,,강남소방서,02-6981-7443,2025-12-31,서울특별시 강남구 역삼1동
강남-역삼-001149,2,서울특별시,강남구,11680,서울특별시 강남구 논현로 542 금석빌딩,서울특별시 강남구 역삼동 667  금석빌딩,37.5047281391111,127.035241541111,,역삼119안전센터,N,,,,,,강남소방서,02-6981-7443,2025-12-31,서울특별시 강남구 역삼1동
강남-역삼-001150,1,서울특별시,강남구,11680,서울특별시 강남구 언주로103길 10 ,서울특별시 강남구 역삼동 656-34 ,37.5065938041111,127.039467241111,,역삼119안전센터,N,,,,,,강남소방서,02-6981-7443,2025-12-31,서울특별시 강남구 역삼1동
강남-역삼-001151,2,서울특별시,강남구,11680,서울특별시 강남구 논현로 514 역카페앞,서울특별시 강남구 역삼동 668-14 역카페앞,37.5023553081111,127.036338851111,,역삼119안전센터,N,,,,,,강남소방서,02-6981-7443,2025-12-31,서울특별시 강남구 역삼1동
강남-역삼-001152,2,서울특별시,강남구,11680,서울특별시 강남구 테헤란로 152 강남파이낸스센터,서울특별시 강남구 역삼동 737  강남파이낸스센터,37.5000394041111,127.035860231111,,역삼119안전센터,N,,,,,,강남소방서,02-6981-7443,2025-12-31,서울특별시 강남구 역삼1동
강남-역삼-001201,2,서울특별시,강남구,11680,서울특별시 강남구 테헤란로 313 성지하이츠빌딩,서울특별시 강남구 역삼동 702-13 성지하이츠빌딩,37.5035061961111,127.045496551111,질빌라,역삼119안전센터,N,,,,,,강남소방서,02-6981-7443,2025-12-31,서울특별시 강남구 역삼1동
강남-역삼-001226,2,서울특별시,강남구,11680,서울특별시 강남구 역삼로8길 12 여의도순복음교회제2성소,서울특별시 강남구 역삼동 833-6 여의도순복음교회제2성소,37.4927611161111,127.033893741111,일반 주택,역삼119안전센터,N,,,,,,강남소방서,02-6981-7443,2025-12-31,서울특별시 강남구 역삼1동
강남-역삼-001234,1,서울특별시,강남구,11680,서울특별시 강남구 논현로106길 25 스타빌,서울특별시 강남구 역삼동 658-18 스타빌,37.5064087781111,127.036485981111,역카페앞,역삼119안전센터,N,,,,,,강남소방서,02-6981-7443,2025-12-31,서울특별시 강남구 역삼1동
강남-역삼-001254,2,서울특별시,강남구,11680,서울특별시 강남구 역삼로8길 12 여의도순복음교회제2성소,서울특별시 강남구 역삼동 833-6 여의도순복음교회제2성소,37.4933739991111,127.033591761111,,역삼119안전센터,N,,,,,,강남소방서,02-6981-7443,2025-12-31,서울특별시 강남구 역삼1동
강남-역삼-001260,2,서울특별시,강남구,11680,서울특별시 강남구 봉은사로 130 노보텔 앰배서더 강남 서울,서울특별시 강남구 역삼동 603  노보텔 앰배서더 강남  서울,37.5053865831111,127.028463391111,,역삼119안전센터,N,,,,,,강남소방서,02-6981-7443,2025-12-31,서울특별시 강남구 역삼1동
강남-역삼-001282,2,서울특별시,강남구,11680,서울특별시 강남구 테헤란로 138 솔로몬역삼타워,서울특별시 강남구 역삼동 736  솔로몬역삼타워,37.4996353341111,127.034158721111,우정에쉐르,역삼119안전센터,N,,,,,,강남소방서,02-6981-7443,2025-12-31,서울특별시 강남구 역삼1동
강남-역삼-001284,2,서울특별시,강남구,11680,서울특별시 강남구 선릉로 555 화평교회,서울특별시 강남구 역삼동 683-26 화평교회,37.5080677311111,127.045131151111,하나로마트 송파농협세곡동지점,역삼119안전센터,N,,,,,,강남소방서,02-6981-7443,2025-12-31,서울특별시 강남구 역삼1동
강남-역삼-001362,2,서울특별시,강남구,11680,서울특별시 강남구 테헤란로 132 ,서울특별시 강남구 역삼동 735  ,37.4993244211111,127.033302541111,남정빌딩,역삼119안전센터,N,,,,,,강남소방서,02-6981-7443,2025-12-31,서울특별시 강남구 역삼1동
강남-역삼-001451,1,서울특별시,강남구,11680,서울특별시 강남구 언주로108길 15 호원약국,서울특별시 강남구 역삼동 681-3 호원약국,37.5083221671111,127.040470871111,경남상가,역삼119안전센터,N,,,,,,강남소방서,02-6981-7443,2025-12-31,서울특별시 강남구 역삼1동
강남-역삼-001452,1,서울특별시,강남구,11680,서울특별시 강남구 테헤란로1길 28 ,서울특별시 강남구 역삼동 817-9 ,37.5000543371111,127.027528191111,,역삼119안전센터,N,,,,,,강남소방서,02-6981-7443,2025-12-31,서울특별시 강남구 역삼1동
강남-역삼-001453,1,서울특별시,강남구,11680,서울특별시 강남구 강남대로110길 11 회정대중음식점앞,서울특별시 강남구 역삼동 601-11 회정대중음식점앞,37.5038854521111,127.025701111111,삼성 대우멤버스카운티1차,역삼119안전센터,N,,,,,,강남소방서,02-6981-7443,2025-12-31,서울특별시 강남구 역삼1동
강남-역삼-001454,1,서울특별시,강남구,11680,서울특별시 강남구 강남대로110길 26 정빌딩,서울특별시 강남구 역삼동 616  정빌딩,37.5036191551111,127.027062581111,,역삼119안전센터,N,,,,,,강남소방서,02-6981-7443,2025-12-31,서울특별시 강남구 역삼1동
강남-역삼-001455,1,서울특별시,강남구,11680,서울특별시 강남구 봉은사로18길 25 주택,서울특별시 강남구 역삼동 613-6 주택,37.5044482261111,127.029991591111,,역삼119안전센터,N,,,,,,강남소방서,02-6981-7443,2025-12-31,서울특별시 강남구 역삼1동
강남-역삼-001456,1,서울특별시,강남구,11680,서울특별시 강남구 봉은사로22길 56 주택,서울특별시 강남구 역삼동 623-14 주택,37.5031916611111,127.029899811111,,역삼119안전센터,N,,,,,,강남소방서,02-6981-7443,2025-12-31,서울특별시 강남구 역삼1동
강남-역삼-001457,1,서울특별시,강남구,11680,서울특별시 강남구 봉은사로20길 46 626-7호주택,서울특별시 강남구 역삼동 626-7 626-7호주택,37.5040133931111,127.033237371111,,역삼119안전센터,N,,,,,,강남소방서,02-6981-7443,2025-12-31,서울특별시 강남구 역삼1동
강남-역삼-001464,1,서울특별시,강남구,11680,서울특별시 강남구 봉은사로44길 61 일반주택삼성유리앞,서울특별시 강남구 역삼동 690-11 일반주택삼성유리앞,37.5055507611111,127.042494211111,주석빌딩,역삼119안전센터,N,,,,,,강남소방서,02-6981-7443,2025-12-31,서울특별시 강남구 역삼1동
강남-역삼-001465,1,서울특별시,강남구,11680,서울특별시 강남구 테헤란로 313 청년창업허브앞,서울특별시 강남구 역삼동 702-13 청년창업허브앞,37.5034150691111,127.045231391111,,역삼119안전센터,N,,,,,,강남소방서,02-6981-7443,2025-12-31,서울특별시 강남구 역삼1동
강남-역삼-001466,1,서울특별시,강남구,11680,서울특별시 강남구 테헤란로22길 74 두원기계,서울특별시 강남구 역삼동 742-25 두원기계,37.4956246871111,127.034317011111,공동주택 연립주택),역삼119안전센터,N,,,,,,강남소방서,02-6981-7443,2025-12-31,서울특별시 강남구 역삼1동
강남-역삼-001467,1,서울특별시,강남구,11680,서울특별시 강남구 논현로63길 19 ,서울특별시 강남구 역삼동 798-29 ,37.4923946991111,127.039073721111,,역삼119안전센터,N,,,,,,강남소방서,02-6981-7443,2025-12-31,서울특별시 강남구 역삼1동
강남-역삼-001468,1,서울특별시,강남구,11680,서울특별시 강남구 도곡로17길 22 금성빌라,서울특별시 강남구 역삼동 794-15 금성빌라,37.4925264831111,127.037086721111,,역삼119안전센터,N,,,,,,강남소방서,02-6981-7443,2025-12-31,서울특별시 강남구 역삼1동
강남-역삼-001469,1,서울특별시,강남구,11680,서울특별시 강남구 테헤란로33길 32 SO근생주택빌딩,서울특별시 강남구 역삼동 672-5 SO근생주택빌딩,37.5036206361111,127.038849111111,,역삼119안전센터,N,,,,,,강남소방서,02-6981-7443,2025-12-31,서울특별시 강남구 역삼1동
강남-역삼-001470,2,서울특별시,강남구,11680,서울특별시 강남구 논현로 341 송담빌딩,서울특별시 강남구 역삼동 790-7 송담빌딩,37.4955087051111,127.039232461111,우정에쉐르,역삼119안전센터,N,,,,,,강남소방서,02-6981-7443,2025-12-31,서울특별시 강남구 역삼1동
강남-역삼-001582,2,서울특별시,강남구,11680,서울특별시 강남구 테헤란로 309 삼성제일빌딩,서울특별시 강남구 역삼동 702-2 삼성제일빌딩,37.5032722161111,127.044673111111,,역삼119안전센터,N,,,,,,강남소방서,02-6981-7443,2025-12-31,서울특별시 강남구 역삼1동
강남-역삼-001583,2,서울특별시,강남구,11680,서울특별시 강남구 테헤란로 146 현익빌딩,서울특별시 강남구 역삼동 736-6 현익빌딩,37.4999150391111,127.035742311111,영동프라자,역삼119안전센터,N,,,,,,강남소방서,02-6981-7443,2025-12-31,서울특별시 강남구 역삼1동
강남-역삼-001613,1,서울특별시,강남구,11680,서울특별시 강남구 강남대로78길 30 로브리,서울특별시 강남구 역삼동 830-3 로브리,37.4952915861111,127.031747631111,,역삼119안전센터,N,,,,,,강남소방서,02-6981-7443,2025-12-31,서울특별시 강남구 역삼1동
강남-역삼-001614,1,서울특별시,강남구,11680,서울특별시 강남구 역삼로17길 60 역삼동 738 빌딩,서울특별시 강남구 역삼동 738  역삼동 738 빌딩,37.4982826661111,127.036498491111,,역삼119안전센터,N,,,,,,강남소방서,02-6981-7443,2025-12-31,서울특별시 강남구 역삼1동
강남-역삼-001615,1,서울특별시,강남구,11680,서울특별시 강남구 논현로97길 25 한길회사앞,서울특별시 강남구 역삼동 638-1 한길회사앞,37.5026994641111,127.033636351111,,역삼119안전센터,N,,,,,,강남소방서,02-6981-7443,2025-12-31,서울특별시 강남구 역삼1동
강남-역삼-001616,1,서울특별시,강남구,11680,서울특별시 강남구 테헤란로7길 11 ,서울특별시 강남구 역삼동 649-4 ,37.4998962231111,127.030547941111,,역삼119안전센터,N,,,,,,강남소방서,02-6981-7443,2025-12-31,서울특별시 강남구 역삼1동
강남-역삼-001621,1,서울특별시,강남구,11680,서울특별시 강남구 역삼로19길 14 노블스위트,서울특별시 강남구 역삼동 747  노블스위트,37.4961197631111,127.037238131111,하나은행,역삼119안전센터,N,,,,,,강남소방서,02-6981-7443,2025-12-31,서울특별시 강남구 역삼1동
강남-역삼-001729,2,서울특별시,강남구,11680,서울특별시 강남구 언주로 565 자미온,서울특별시 강남구 역삼동 653-3 자미온,37.508356311111,127.03821711111,삼성동아이파크타워,역삼119안전센터,N,,,,,,강남소방서,02-6981-7443,2025-12-31,서울특별시 강남구 역삼1동
강남-역삼-001730,2,서울특별시,강남구,11680,서울특별시 강남구 봉은사로 304 금강빌딩,서울특별시 강남구 역삼동 681  금강빌딩,37.5090041631111,127.040320081111,삼성동아이파크타워,역삼119안전센터,N,,,,,,강남소방서,02-6981-7443,2025-12-31,서울특별시 강남구 역삼1동
강남-역삼-001731,2,서울특별시,강남구,11680,서울특별시 강남구 테헤란로 119 대호빌딩,서울특별시 강남구 역삼동 649-14 대호빌딩,37.4990329941111,127.030813951111,,역삼119안전센터,N,,,,,,강남소방서,02-6981-7443,2025-12-31,서울특별시 강남구 역삼1동
강남-역삼-001732,1,서울특별시,강남구,11680,서울특별시 강남구 봉은사로44길 35 영동빌딩앞,서울특별시 강남구 역삼동 690  영동빌딩앞,37.5070940561111,127.040869811111,,역삼119안전센터,N,,,,,,강남소방서,02-6981-7443,2025-12-31,서울특별시 강남구 역삼1동
강남-역삼-001733,1,서울특별시,강남구,11680,서울특별시 강남구 언주로103길 42 일반주택,서울특별시 강남구 역삼동 657-23 일반주택,37.5058126061111,127.036699711111,B동,역삼119안전센터,N,,,,,,강남소방서,02-6981-7443,2025-12-31,서울특별시 강남구 역삼1동
강남-역삼-001734,1,서울특별시,강남구,11680,서울특별시 강남구 논현로105길 31 삼정호텔앞,서울특별시 강남구 역삼동 611-2 삼정호텔앞,37.5057088991111,127.031782221111,나동,역삼119안전센터,N,,,,,,강남소방서,02-6981-7443,2025-12-31,서울특별시 강남구 역삼1동
강남-역삼-001735,1,서울특별시,강남구,11680,서울특별시 강남구 봉은사로20길 31 일반주택,서울특별시 강남구 역삼동 609-8 일반주택,37.5046003771111,127.032098381111,,역삼119안전센터,N,,,,,,강남소방서,02-6981-7443,2025-12-31,서울특별시 강남구 역삼1동
강남-역삼-001743,1,서울특별시,강남구,11680,서울특별시 강남구 역삼로18길 10 골목식당,서울특별시 강남구 역삼동 789-26 골목식당,37.4940766011111,127.036310891111,,역삼119안전센터,N,,,,,,강남소방서,02-6981-7443,2025-12-31,서울특별시 강남구 역삼1동
강남-역삼-001744,1,서울특별시,강남구,11680,서울특별시 강남구 논현로63길 66 ,서울특별시 강남구 역삼동 835-61 ,37.4913227681111,127.035727511111,포이하이츠,역삼119안전센터,N,,,,,,강남소방서,02-6981-7443,2025-12-31,서울특별시 강남구 역삼1동
강남-역삼-001745,1,서울특별시,강남구,11680,서울특별시 강남구 논현로67길 60 소닉모터스,서울특별시 강남구 역삼동 834-68 소닉모터스,37.4927846071111,127.035101261111,,역삼119안전센터,N,,,,,,강남소방서,02-6981-7443,2025-12-31,서울특별시 강남구 역삼1동
강남-역삼-001759,2,서울특별시,강남구,11680,서울특별시 강남구 언주로 564 라움아트센터,서울특별시 강남구 역삼동 688  라움아트센터,37.5078379141111,127.039501491111,,역삼119안전센터,N,,,,,,강남소방서,02-6981-7443,2025-12-31,서울특별시 강남구 역삼1동
강남-역삼-001786,1,서울특별시,강남구,11680,서울특별시 강남구 봉은사로26길 30 608-14주택,서울특별시 강남구 역삼동 608-14 608-14주택,37.5049598071111,127.033945651111,,역삼119안전센터,N,,,,,,강남소방서,02-6981-7443,2025-12-31,서울특별시 강남구 역삼1동
강남-역삼-001787,1,서울특별시,강남구,11680,서울특별시 강남구 봉은사로26길 22-12 609-17주택,서울특별시 강남구 역삼동 609-17 609-17주택,37.5048083511111,127.033163111111,길일반주택,역삼119안전센터,N,,,,,,강남소방서,02-6981-7443,2025-12-31,서울특별시 강남구 역삼1동
강남-역삼-002046,2,서울특별시,강남구,11680,서울특별시 강남구 도곡로 135 ,서울특별시 강남구 역삼동 839-8 ,37.4905743111111,127.034881771111,리갈팰리스,역삼119안전센터,N,,,,,,강남소방서,02-6981-7443,2025-12-31,서울특별시 강남구 역삼1동
강남-역삼-002047,2,서울특별시,강남구,11680,서울특별시 강남구 테헤란로8길 40 정안빌딩,서울특별시 강남구 역삼동 827-64 정안빌딩,37.4960899491111,127.032290831111,,역삼119안전센터,N,,,,,,강남소방서,02-6981-7443,2025-12-31,서울특별시 강남구 역삼1동
강남-역삼-002048,2,서울특별시,강남구,11680,서울특별시 강남구 역삼로7길 21 일반주택,서울특별시 강남구 역삼동 830-46 일반주택,37.4948358441111,127.032911581111,압구정동천주교 성당,역삼119안전센터,N,,,,,,강남소방서,02-6981-7443,2025-12-31,서울특별시 강남구 역삼1동
강남-역삼-002049,2,서울특별시,강남구,11680,서울특별시 강남구 도곡로7길 19 송암 빌리지,서울특별시 강남구 역삼동 836-51 송암 빌리지,37.4917833641111,127.034366121111,로비스빌딩,역삼119안전센터,N,,,,,,강남소방서,02-6981-7443,2025-12-31,서울특별시 강남구 역삼1동
강남-역삼-002050,2,서울특별시,강남구,11680,서울특별시 강남구 역삼로 134 ,서울특별시 강남구 역삼동 834-8 ,37.4940844021111,127.034135251111,삼일빌딩,역삼119안전센터,N,,,,,,강남소방서,02-6981-7443,2025-12-31,서울특별시 강남구 역삼1동
강남-역삼-002051,2,서울특별시,강남구,11680,서울특별시 강남구 테헤란로 327 빅토리아빌딩,서울특별시 강남구 역삼동 705-1 빅토리아빌딩,37.5041159051111,127.047286761111,동신빌딩,역삼119안전센터,N,,,,,,강남소방서,02-6981-7443,2025-12-31,서울특별시 강남구 역삼1동
강남-역삼-002052,2,서울특별시,강남구,11680,서울특별시 강남구 테헤란로 152 강남파이낸스센터,서울특별시 강남구 역삼동 737  강남파이낸스센터,37.5004046711111,127.036921521111,,역삼119안전센터,N,,,,,,강남소방서,02-6981-7443,2025-12-31,서울특별시 강남구 역삼1동
강남-역삼-002053,2,서울특별시,강남구,11680,서울특별시 강남구 역삼로11길 1-1 한성전기전자,서울특별시 강남구 역삼동 752-43 한성전기전자,37.4942513071111,127.034148791111,,역삼119안전센터,N,,,,,,강남소방서,02-6981-7443,2025-12-31,서울특별시 강남구 역삼1동
강남-역삼-002054,2,서울특별시,강남구,11680,서울특별시 강남구 역삼로7길 8 대우촌정육점,서울특별시 강남구 역삼동 829-8 대우촌정육점,37.4945877751111,127.033222711111,,역삼119안전센터,N,,,,,,강남소방서,02-6981-7443,2025-12-31,서울특별시 강남구 역삼1동
강남-역삼-002056,2,서울특별시,강남구,11680,서울특별시 강남구 논현로 525 한국문화콘텐츠진흥원,서울특별시 강남구 역삼동 641-2 한국문화콘텐츠진흥원,37.5032234511111,127.035637411111,,역삼119안전센터,N,,,,,,강남소방서,02-6981-7443,2025-12-31,서울특별시 강남구 역삼1동
강남-역삼-002057,2,서울특별시,강남구,11680,서울특별시 강남구 테헤란로 219 잠실3단지 재건축단지내 상가,서울특별시 강남구 역삼동 677-28 잠실3단지 재건축단지내 상가,37.5019629381111,127.040415071111,,역삼119안전센터,N,,,,,,강남소방서,02-6981-7443,2025-12-31,서울특별시 강남구 역삼1동
강남-역삼-002058,2,서울특별시,강남구,11680,서울특별시 강남구 테헤란로 215 한솔PCS,서울특별시 강남구 역삼동 677-31 한솔PCS,37.5017843021111,127.039841821111,,역삼119안전센터,N,,,,,,강남소방서,02-6981-7443,2025-12-31,서울특별시 강남구 역삼1동
강남-역삼-002059,1,서울특별시,강남구,11680,서울특별시 강남구 테헤란로27길 8 일반주택,서울특별시 강남구 역삼동 678-23 일반주택,37.5018873991111,127.038125411111,가운빌라,역삼119안전센터,N,,,,,,강남소방서,02-6981-7443,2025-12-31,서울특별시 강남구 역삼1동
강남-역삼-002060,1,서울특별시,강남구,11680,서울특별시 강남구 논현로105길 55 몽블랑,서울특별시 강남구 역삼동 614-19 몽블랑,37.5050324921111,127.029662581111,,역삼119안전센터,N,,,,,,강남소방서,02-6981-7443,2025-12-31,서울특별시 강남구 역삼1동
강남-역삼-002061,1,서울특별시,강남구,11680,서울특별시 강남구 논현로105길 91 대나무집,서울특별시 강남구 역삼동 615  대나무집,37.5042152941111,127.026919131111,하늘공인중개사사무소,역삼119안전센터,N,,,,,,강남소방서,02-6981-7443,2025-12-31,서울특별시 강남구 역삼1동
강남-역삼-002062,1,서울특별시,강남구,11680,서울특별시 강남구 논현로105길 73 일반주택,서울특별시 강남구 역삼동 615-25 일반주택,37.5046560511111,127.028457721111,,역삼119안전센터,N,,,,,,강남소방서,02-6981-7443,2025-12-31,서울특별시 강남구 역삼1동
강남-역삼-002063,1,서울특별시,강남구,11680,서울특별시 강남구 봉은사로4길 29 알뜰슈퍼,서울특별시 강남구 역삼동 812  알뜰슈퍼,37.5028943521111,127.026797441111,,역삼119안전센터,N,,,,,,강남소방서,02-6981-7443,2025-12-31,서울특별시 강남구 역삼1동
강남-역삼-002064,1,서울특별시,강남구,11680,서울특별시 강남구 테헤란로5길 24 ,서울특별시 강남구 역삼동 635-10 ,37.4999943961111,127.028916861111,,역삼119안전센터,N,,,,,,강남소방서,02-6981-7443,2025-12-31,서울특별시 강남구 역삼1동
강남-역삼-002065,1,서울특별시,강남구,11680,서울특별시 강남구 강남대로98길 17 시티힐 빌딩,서울특별시 강남구 역삼동 620-9 시티힐 빌딩,37.5007385711111,127.027942951111,,역삼119안전센터,N,,,,,,강남소방서,02-6981-7443,2025-12-31,서울특별시 강남구 역삼1동
강남-역삼-002066,1,서울특별시,강남구,11680,서울특별시 강남구 봉은사로18길 63 일반주택,서울특별시 강남구 역삼동 622-23 일반주택,37.5021746961111,127.028357351111,,역삼119안전센터,N,,,,,,강남소방서,02-6981-7443,2025-12-31,서울특별시 강남구 역삼1동
강남-역삼-002067,2,서울특별시,강남구,11680,서울특별시 강남구 봉은사로6길 55 일반주택(비소일체형 변경),서울특별시 강남구 역삼동 622-17 일반주택(비소일체형 변경),37.5025098971111,127.029176721111,,역삼119안전센터,N,,,,,,강남소방서,02-6981-7443,2025-12-31,서울특별시 강남구 역삼1동
강남-역삼-002068,2,서울특별시,강남구,11680,서울특별시 강남구 강남대로 340 경원빌딩,서울특별시 강남구 역삼동 831-17 경원빌딩,37.4934178921111,127.029976711111,리츠하우스,역삼119안전센터,N,,,,,,강남소방서,02-6981-7443,2025-12-31,서울특별시 강남구 역삼1동
강남-역삼-002069,2,서울특별시,강남구,11680,서울특별시 강남구 역삼로 106 ,서울특별시 강남구 역삼동 832-18 ,37.4931267511111,127.030914771111,,역삼119안전센터,N,,,,,,강남소방서,02-6981-7443,2025-12-31,서울특별시 강남구 역삼1동
강남-역삼-002070,1,서울특별시,강남구,11680,서울특별시 강남구 강남대로84길 8 우인빌딩,서울특별시 강남구 역삼동 826-4 우인빌딩,37.4963341691111,127.029470611111,,역삼119안전센터,N,,,,,,강남소방서,02-6981-7443,2025-12-31,서울특별시 강남구 역삼1동
강남-역삼-002071,1,서울특별시,강남구,11680,서울특별시 강남구 도곡로19길 19 빌라,서울특별시 강남구 역삼동 794-18 빌라,37.4927980481111,127.037903831111,논현대우멤버스카운티,역삼119안전센터,N,,,,,,강남소방서,02-6981-7443,2025-12-31,서울특별시 강남구 역삼1동
강남-역삼-002072,1,서울특별시,강남구,11680,서울특별시 강남구 역삼로4길 8 유신빌딩,서울특별시 강남구 역삼동 832-40 유신빌딩,37.4930120061111,127.032010011111,,역삼119안전센터,N,,,,,,강남소방서,02-6981-7443,2025-12-31,서울특별시 강남구 역삼1동
강남-역삼-002073,1,서울특별시,강남구,11680,서울특별시 강남구 강남대로66길 32 ,서울특별시 강남구 역삼동 836-26 ,37.4921818811111,127.033256061111,,역삼119안전센터,N,,,,,,강남소방서,02-6981-7443,2025-12-31,서울특별시 강남구 역삼1동
강남-역삼-002074,1,서울특별시,강남구,11680,서울특별시 강남구 논현로65길 22 파인하우스,서울특별시 강남구 역삼동 795-37 파인하우스,37.4930052221111,127.038738871111,,역삼119안전센터,N,,,,,,강남소방서,02-6981-7443,2025-12-31,서울특별시 강남구 역삼1동
강남-역삼-002075,1,서울특별시,강남구,11680,서울특별시 강남구 논현로63길 36 농림빌딩,서울특별시 강남구 역삼동 794-36 농림빌딩,37.4920707211111,127.038195251111,,역삼119안전센터,N,,,,,,강남소방서,02-6981-7443,2025-12-31,서울특별시 강남구 역삼1동
강남-역삼-002076,1,서울특별시,강남구,11680,서울특별시 강남구 논현로79길 28 파크빌라,서울특별시 강남구 역삼동 740-18 파크빌라,37.4973123831111,127.035918911111,,역삼119안전센터,N,,,,,,강남소방서,02-6981-7443,2025-12-31,서울특별시 강남구 역삼1동
강남-역삼-002077,1,서울특별시,강남구,11680,서울특별시 강남구 논현로 429 C&C빌딩,서울특별시 강남구 역삼동 738-9 C&C빌딩,37.4992242521111,127.037330951111,,역삼119안전센터,N,,,,,,강남소방서,02-6981-7443,2025-12-31,서울특별시 강남구 역삼1동
강남-역삼-002078,1,서울특별시,강남구,11680,서울특별시 강남구 역삼로20길 22 제일식품,서울특별시 강남구 역삼동 792-59 제일식품,37.4937921981111,127.038386151111,,역삼119안전센터,N,,,,,,강남소방서,02-6981-7443,2025-12-31,서울특별시 강남구 역삼1동
강남-역삼-002079,1,서울특별시,강남구,11680,서울특별시 강남구 논현로71길 7 ,서울특별시 강남구 역삼동 797  ,37.4947276151111,127.038815821111,,역삼119안전센터,N,,,,,,강남소방서,02-6981-7443,2025-12-31,서울특별시 강남구 역삼1동
강남-역삼-002089,1,서울특별시,강남구,11680,서울특별시 강남구 언주로107길 39 일반주택,서울특별시 강남구 역삼동 658-3 일반주택,37.5070002261111,127.036118111111,서울빌라,역삼119안전센터,N,,,,,,강남소방서,02-6981-7443,2025-12-31,서울특별시 강남구 역삼1동
강남-역삼-002090,1,서울특별시,강남구,11680,서울특별시 강남구 논현로102길 45 일반주택,서울특별시 강남구 역삼동 661-20 일반주택,37.5058143361111,127.038746991111,아다미,역삼119안전센터,N,,,,,,강남소방서,02-6981-7443,2025-12-31,서울특별시 강남구 역삼1동
강남-역삼-002091,1,서울특별시,강남구,11680,서울특별시 강남구 언주로99길 12 영동복집,서울특별시 강남구 역삼동 663-30 영동복집,37.5056040851111,127.040014461111,외환은행,역삼119안전센터,N,,,,,,강남소방서,02-6981-7443,2025-12-31,서울특별시 강남구 역삼1동
강남-역삼-002092,1,서울특별시,강남구,11680,서울특별시 강남구 언주로93길 28-8 코넬빌딩,서울특별시 강남구 역삼동 673-24 코넬빌딩,37.5037993471111,127.039490621111,영동빌딩,역삼119안전센터,N,,,,,,강남소방서,02-6981-7443,2025-12-31,서울특별시 강남구 역삼1동
강남-역삼-002093,1,서울특별시,강남구,11680,서울특별시 강남구 언주로106길 35 일반주택,서울특별시 강남구 역삼동 684-13 일반주택,37.5082427611111,127.042524171111,에이동,역삼119안전센터,N,,,,,,강남소방서,02-6981-7443,2025-12-31,서울특별시 강남구 역삼1동
강남-역삼-002094,1,서울특별시,강남구,11680,서울특별시 강남구 테헤란로53길 70 일반주택,서울특별시 강남구 역삼동 693  일반주택,37.5076583581111,127.043132951111,준빌라,역삼119안전센터,N,,,,,,강남소방서,02-6981-7443,2025-12-31,서울특별시 강남구 역삼1동
강남-역삼-002095,1,서울특별시,강남구,11680,서울특별시 강남구 테헤란로53길 33 일반주택,서울특별시 강남구 역삼동 697-5 일반주택,37.5059525811111,127.045575851111,,역삼119안전센터,N,,,,,,강남소방서,02-6981-7443,2025-12-31,서울특별시 강남구 역삼1동
강남-역삼-002096,1,서울특별시,강남구,11680,서울특별시 강남구 테헤란로51길 23 코뚜레 식당,서울특별시 강남구 역삼동 704-47 코뚜레 식당,37.5051656811111,127.045683131111,코어하우스,역삼119안전센터,N,,,,,,강남소방서,02-6981-7443,2025-12-31,서울특별시 강남구 역삼1동
강남-역삼-002098,1,서울특별시,강남구,11680,서울특별시 강남구 테헤란로2길 37 ,서울특별시 강남구 역삼동 826-41 ,37.4955340881111,127.029898321111,,역삼119안전센터,N,,,,,,강남소방서,02-6981-7443,2025-12-31,서울특별시 강남구 역삼1동
강남-역삼-002099,1,서울특별시,강남구,11680,서울특별시 강남구 논현로79길 36 한울,서울특별시 강남구 역삼동 740-21 한울,37.4972529581111,127.035306861111,리츠하우스,역삼119안전센터,N,,,,,,강남소방서,02-6981-7443,2025-12-31,서울특별시 강남구 역삼1동
강남-역삼-002101,1,서울특별시,강남구,11680,서울특별시 강남구 역삼로14길 10 ,서울특별시 강남구 역삼동 834-101 ,37.4938241131111,127.035450391111,,역삼119안전센터,N,,,,,,강남소방서,02-6981-7443,2025-12-31,서울특별시 강남구 역삼1동
강남-역삼-002102,1,서울특별시,강남구,11680,서울특별시 강남구 강남대로66길 8 카이로스빌딩,서울특별시 강남구 역삼동 837-2 카이로스빌딩,37.4917698131111,127.031663841111,논현아테나니케,역삼119안전센터,N,,,,,,강남소방서,02-6981-7443,2025-12-31,서울특별시 강남구 역삼1동
강남-역삼-002103,1,서울특별시,강남구,11680,서울특별시 강남구 도곡로3길 22 한스빌,서울특별시 강남구 역삼동 836-1 한스빌,37.4913975311111,127.032805341111,SPAZLO 스튜디오,역삼119안전센터,N,,,,,,강남소방서,02-6981-7443,2025-12-31,서울특별시 강남구 역삼1동
강남-역삼-002104,1,서울특별시,강남구,11680,서울특별시 강남구 도곡로5길 19 ,서울특별시 강남구 역삼동 836-8 ,37.4916190711111,127.033567041111,길멜로디레스토랑,역삼119안전센터,N,,,,,,강남소방서,02-6981-7443,2025-12-31,서울특별시 강남구 역삼1동
강남-역삼-002105,1,서울특별시,강남구,11680,서울특별시 강남구 역삼로18길 22 gs25시 앞,서울특별시 강남구 역삼동 792-19 gs25시 앞,37.4932609961111,127.036735451111,,역삼119안전센터,N,,,,,,강남소방서,02-6981-7443,2025-12-31,서울특별시 강남구 역삼1동
강남-역삼-002106,1,서울특별시,강남구,11680,서울특별시 강남구 강남대로84길 33 ,서울특별시 강남구 역삼동 824-25 ,37.4970061671111,127.03106911111,,역삼119안전센터,N,,,,,,강남소방서,02-6981-7443,2025-12-31,서울특별시 강남구 역삼1동
강남-역삼-002107,1,서울특별시,강남구,11680,서울특별시 강남구 논현로85길 70 만나칼국수,서울특별시 강남구 역삼동 823-16 만나칼국수,37.4976232851111,127.032733241111,,역삼119안전센터,N,,,,,,강남소방서,02-6981-7443,2025-12-31,서울특별시 강남구 역삼1동
강남-역삼-002108,1,서울특별시,강남구,11680,서울특별시 강남구 테헤란로14길 48 올림픽세탁소,서울특별시 강남구 역삼동 828-51 올림픽세탁소,37.4961158581111,127.034389061111,,역삼119안전센터,N,,,,,,강남소방서,02-6981-7443,2025-12-31,서울특별시 강남구 역삼1동
강남-역삼-002109,1,서울특별시,강남구,11680,서울특별시 강남구 역삼로15길 20 우리슈퍼,서울특별시 강남구 역삼동 749-5 우리슈퍼,37.4961679921111,127.035482921111,마블하우스,역삼119안전센터,N,,,,,,강남소방서,02-6981-7443,2025-12-31,서울특별시 강남구 역삼1동
강남-역삼-002110,1,서울특별시,강남구,11680,서울특별시 강남구 논현로85길 13 역삼동빌딩,서울특별시 강남구 역삼동 739  역삼동빌딩,37.4991268691111,127.036117311111,,역삼119안전센터,N,,,,,,강남소방서,02-6981-7443,2025-12-31,서울특별시 강남구 역삼1동
강남-역삼-002111,1,서울특별시,강남구,11680,서울특별시 강남구 테헤란로25길 39 m.k빌딩,서울특별시 강남구 역삼동 640-13 m.k빌딩,37.5031044961111,127.034748431111,정안빌딩,역삼119안전센터,N,,,,,,강남소방서,02-6981-7443,2025-12-31,서울특별시 강남구 역삼1동
강남-역삼-002112,1,서울특별시,강남구,11680,서울특별시 강남구 테헤란로21길 28 일반주택,서울특별시 강남구 역삼동 643-1 일반주택,37.5018480781111,127.034152251111,일반주택,역삼119안전센터,N,,,,,,강남소방서,02-6981-7443,2025-12-31,서울특별시 강남구 역삼1동
강남-역삼-002113,1,서울특별시,강남구,11680,서울특별시 강남구 테헤란로19길 31 638-12주택,서울특별시 강남구 역삼동 631-12 638-12주택,37.5020701741111,127.032938711111,송암 빌리지,역삼119안전센터,N,,,,,,강남소방서,02-6981-7443,2025-12-31,서울특별시 강남구 역삼1동
강남-역삼-002114,1,서울특별시,강남구,11680,서울특별시 강남구 테헤란로13길 45 ,서울특별시 강남구 역삼동 633-22 ,37.5022541491111,127.031565011111,,역삼119안전센터,N,,,,,,강남소방서,02-6981-7443,2025-12-31,서울특별시 강남구 역삼1동
강남-역삼-002115,1,서울특별시,강남구,11680,서울특별시 강남구 테헤란로19길 79 일반주택624,서울특별시 강남구 역삼동 624  일반주택624,37.5044598351111,127.031329061111,빅토리아빌딩,역삼119안전센터,N,,,,,,강남소방서,02-6981-7443,2025-12-31,서울특별시 강남구 역삼1동
강남-역삼-002116,1,서울특별시,강남구,11680,서울특별시 강남구 봉은사로24길 16 아페이론하우스,서울특별시 강남구 역삼동 610-2 아페이론하우스,37.5055654911111,127.032846721111,강남파이낸스센터,역삼119안전센터,N,,,,,,강남소방서,02-6981-7443,2025-12-31,서울특별시 강남구 역삼1동
강남-역삼-002117,1,서울특별시,강남구,11680,서울특별시 강남구 논현로98길 28 엔도어클라우드컴퍼니,서울특별시 강남구 역삼동 671  엔도어클라우드컴퍼니,37.5040763711111,127.037900551111,한성전기전자,역삼119안전센터,N,,,,,,강남소방서,02-6981-7443,2025-12-31,서울특별시 강남구 역삼1동
강남-역삼-002118,1,서울특별시,강남구,11680,서울특별시 강남구 테헤란로27길 28 일반주택,서울특별시 강남구 역삼동 670-12 일반주택,37.5031584841111,127.037531951111,대우촌정육점,역삼119안전센터,N,,,,,,강남소방서,02-6981-7443,2025-12-31,서울특별시 강남구 역삼1동
강남-역삼-002119,1,서울특별시,강남구,11680,서울특별시 강남구 논현로106길 37 공동주택,서울특별시 강남구 역삼동 655-14 공동주택,37.5067041411111,127.037457411111,재승빌딩,역삼119안전센터,N,,,,,,강남소방서,02-6981-7443,2025-12-31,서울특별시 강남구 역삼1동
강남-역삼-002120,1,서울특별시,강남구,11680,서울특별시 강남구 테헤란로37길 41 대광부동산,서울특별시 강남구 역삼동 673-18 대광부동산,37.5049579991111,127.039741741111,한국문화콘텐츠진흥원,역삼119안전센터,N,,,,,,강남소방서,02-6981-7443,2025-12-31,서울특별시 강남구 역삼1동
강남-역삼-002121,1,서울특별시,강남구,11680,서울특별시 강남구 언주로104길 12 기아자동차 정비소 앞,서울특별시 강남구 역삼동 690-21 기아자동차 정비소 앞,37.5071582391111,127.041428061111,단지 재건축단지내 상가,역삼119안전센터,N,,,,,,강남소방서,02-6981-7443,2025-12-31,서울특별시 강남구 역삼1동
강남-역삼-002122,1,서울특별시,강남구,11680,서울특별시 강남구 봉은사로48길 41 조은크리닝 세탁소 앞,서울특별시 강남구 역삼동 692-3 조은크리닝 세탁소 앞,37.5069454791111,127.042958941111,한솔PCS,역삼119안전센터,N,,,,,,강남소방서,02-6981-7443,2025-12-31,서울특별시 강남구 역삼1동
강남-역삼-002123,1,서울특별시,강남구,11680,서울특별시 강남구 봉은사로50길 49 일반주택,서울특별시 강남구 역삼동 683-43 일반주택,37.5072880211111,127.045145651111,일반주택,역삼119안전센터,N,,,,,,강남소방서,02-6981-7443,2025-12-31,서울특별시 강남구 역삼1동
강남-역삼-002124,1,서울특별시,강남구,11680,서울특별시 강남구 언주로98길 26 gs25편의점,서울특별시 강남구 역삼동 703  gs25편의점,37.5046345751111,127.044048591111,몽블랑,역삼119안전센터,N,,,,,,강남소방서,02-6981-7443,2025-12-31,서울특별시 강남구 역삼1동
강남-역삼-002125,1,서울특별시,강남구,11680,서울특별시 강남구 선릉로99길 9 이노피아 헤어샵,서울특별시 강남구 역삼동 696-25 이노피아 헤어샵,37.5062548911111,127.046882541111,대나무집,역삼119안전센터,N,,,,,,강남소방서,02-6981-7443,2025-12-31,서울특별시 강남구 역삼1동
강남-역삼-002417,1,서울특별시,강남구,11680,서울특별시 강남구 역삼로9길 17 빌라,서울특별시 강남구 역삼동 753-4 빌라,37.4951193621111,127.033718241111,일반주택,역삼119안전센터,N,,,,,,강남소방서,02-6981-7443,2025-12-31,서울특별시 강남구 역삼1동
강남-역삼-002418,1,서울특별시,강남구,11680,서울특별시 강남구 역삼로11길 14 청원복집,서울특별시 강남구 역삼동 751-4 청원복집,37.4949616641111,127.034840421111,우암빌딩,역삼119안전센터,N,,,,,,강남소방서,02-6981-7443,2025-12-31,서울특별시 강남구 역삼1동
강남-역삼-002419,1,서울특별시,강남구,11680,서울특별시 강남구 역삼로15길 7 보창빌딩,서울특별시 강남구 역삼동 750-17 보창빌딩,37.4951379741111,127.035304371111,,역삼119안전센터,N,,,,,,강남소방서,02-6981-7443,2025-12-31,서울특별시 강남구 역삼1동
강남-역삼-002420,1,서울특별시,강남구,11680,서울특별시 강남구 역삼로17길 9 일반주택,서울특별시 강남구 역삼동 749-14 일반주택,37.4950615311111,127.035778671111,,역삼119안전센터,N,,,,,,강남소방서,02-6981-7443,2025-12-31,서울특별시 강남구 역삼1동
강남-역삼-002421,1,서울특별시,강남구,11680,서울특별시 강남구 테헤란로20길 25 일반주택,서울특별시 강남구 역삼동 740  일반주택,37.4980566631111,127.034783511111,좋은사람좋은집,역삼119안전센터,N,,,,,,강남소방서,02-6981-7443,2025-12-31,서울특별시 강남구 역삼1동
강남-역삼-002422,1,서울특별시,강남구,11680,서울특별시 강남구 테헤란로10길 30 일반주택,서울특별시 강남구 역삼동 828-18 일반주택,37.4970533411111,127.032972411111,,역삼119안전센터,N,,,,,,강남소방서,02-6981-7443,2025-12-31,서울특별시 강남구 역삼1동
강남-역삼-002423,1,서울특별시,강남구,11680,서울특별시 강남구 역삼로19길 5 다가구주택,서울특별시 강남구 역삼동 748-29 다가구주택,37.4954259961111,127.036917571111,,역삼119안전센터,N,,,,,,강남소방서,02-6981-7443,2025-12-31,서울특별시 강남구 역삼1동
강남-역삼-002424,1,서울특별시,강남구,11680,서울특별시 강남구 도곡로17길 12 거평빌라,서울특별시 강남구 역삼동 794-28 거평빌라,37.4918062821111,127.037418541111,논현아펠바움,역삼119안전센터,N,,,,,,강남소방서,02-6981-7443,2025-12-31,서울특별시 강남구 역삼1동
강남-역삼-002425,1,서울특별시,강남구,11680,서울특별시 강남구 테헤란로55길 26 대초원양꼬치양갈비앞,서울특별시 강남구 역삼동 696-12 대초원양꼬치양갈비앞,37.5058281031111,127.046820911111,,역삼119안전센터,N,,,,,,강남소방서,02-6981-7443,2025-12-31,서울특별시 강남구 역삼1동
강남-역삼-002426,1,서울특별시,강남구,11680,서울특별시 강남구 테헤란로53길 15-3 롯데기공,서울특별시 강남구 역삼동 697-13 롯데기공,37.505215211111,127.047092911111,맥심제과건물,역삼119안전센터,N,,,,,,강남소방서,02-6981-7443,2025-12-31,서울특별시 강남구 역삼1동
강남-역삼-002427,1,서울특별시,강남구,11680,서울특별시 강남구 테헤란로51길 33 ,서울특별시 강남구 역삼동 704-24 ,37.5055212041111,127.045044311111,,역삼119안전센터,N,,,,,,강남소방서,02-6981-7443,2025-12-31,서울특별시 강남구 역삼1동
강남-역삼-002428,1,서울특별시,강남구,11680,서울특별시 강남구 선릉로103길 3-7 일반주택,서울특별시 강남구 역삼동 694-22 일반주택,37.5071613671111,127.045869921111,,역삼119안전센터,N,,,,,,강남소방서,02-6981-7443,2025-12-31,서울특별시 강남구 역삼1동
강남-역삼-002429,1,서울특별시,강남구,11680,서울특별시 강남구 언주로98길 5-4 출입문,서울특별시 강남구 역삼동 699-2 출입문,37.5051263721111,127.042392211111,,역삼119안전센터,N,,,,,,강남소방서,02-6981-7443,2025-12-31,서울특별시 강남구 역삼1동
강남-역삼-002430,1,서울특별시,강남구,11680,서울특별시 강남구 언주로98길 18 남천빌딩,서울특별시 강남구 역삼동 700-23 남천빌딩,37.5047589041111,127.043126791111,지번 건물 모서리,역삼119안전센터,N,,,,,,강남소방서,02-6981-7443,2025-12-31,서울특별시 강남구 역삼1동
강남-역삼-002431,1,서울특별시,강남구,11680,서울특별시 강남구 봉은사로48길 50-8 주택,서울특별시 강남구 역삼동 691-14 주택,37.5062252871111,127.043227911111,덕안빌딩옆 일반주택,역삼119안전센터,N,,,,,,강남소방서,02-6981-7443,2025-12-31,서울특별시 강남구 역삼1동
강남-역삼-002432,1,서울특별시,강남구,11680,서울특별시 강남구 언주로100길 14-4 seattle2 1 앞,서울특별시 강남구 역삼동 690-14 seattle2 1 앞,37.5062303711111,127.042355421111,일반주택,역삼119안전센터,N,,,,,,강남소방서,02-6981-7443,2025-12-31,서울특별시 강남구 역삼1동
강남-역삼-002433,2,서울특별시,강남구,11680,서울특별시 강남구 봉은사로 320 강남구 비즈니스센터,서울특별시 강남구 역삼동 682-8 강남구 비즈니스센터,37.5095956051111,127.042326221111,,역삼119안전센터,N,,,,,,강남소방서,02-6981-7443,2025-12-31,서울특별시 강남구 역삼1동
강남-역삼-002434,1,서울특별시,강남구,11680,서울특별시 강남구 언주로108길 26 일반주택,서울특별시 강남구 역삼동 687-16 일반주택,37.5085555511111,127.041310611111,조산빌리지,역삼119안전센터,N,,,,,,강남소방서,02-6981-7443,2025-12-31,서울특별시 강남구 역삼1동
강남-역삼-002435,1,서울특별시,강남구,11680,서울특별시 강남구 언주로93길 27 옥림장여관,서울특별시 강남구 역삼동 677-3 옥림장여관,37.5032054481111,127.039749791111,상전빌딩,역삼119안전센터,N,,,,,,강남소방서,02-6981-7443,2025-12-31,서울특별시 강남구 역삼1동
강남-역삼-002436,1,서울특별시,강남구,11680,서울특별시 강남구 테헤란로29길 5 백암큰순대 20M 대로변 앞,서울특별시 강남구 역삼동 678-32 백암큰순대 20M 대로변 앞,37.5017869961111,127.038912511111,벤가테라스,역삼119안전센터,N,,,,,,강남소방서,02-6981-7443,2025-12-31,서울특별시 강남구 역삼1동
강남-역삼-002437,1,서울특별시,강남구,11680,서울특별시 강남구 봉은사로30길 49 한국백혈병소아암연구회,서울특별시 강남구 역삼동 666-13 한국백혈병소아암연구회,37.5042604731111,127.036294871111,대성빌딩,역삼119안전센터,N,,,,,,강남소방서,02-6981-7443,2025-12-31,서울특별시 강남구 역삼1동
강남-역삼-002438,1,서울특별시,강남구,11680,서울특별시 강남구 테헤란로25길 59 주택627,서울특별시 강남구 역삼동 627  주택627,37.5043396111111,127.034239511111,,역삼119안전센터,N,,,,,,강남소방서,02-6981-7443,2025-12-31,서울특별시 강남구 역삼1동
강남-역삼-002439,1,서울특별시,강남구,11680,서울특별시 강남구 논현로99길 22 주택,서울특별시 강남구 역삼동 626-32 주택,37.5033278161111,127.033720591111,선안빌딩,역삼119안전센터,N,,,,,,강남소방서,02-6981-7443,2025-12-31,서울특별시 강남구 역삼1동
강남-역삼-002440,2,서울특별시,강남구,11680,서울특별시 강남구 봉은사로20길 23 주택,서울특별시 강남구 역삼동 610-9 주택,37.5050200761111,127.031570671111,제우빌딩,역삼119안전센터,N,,,,,,강남소방서,02-6981-7443,2025-12-31,서울특별시 강남구 역삼1동
강남-역삼-002446,2,서울특별시,강남구,11680,서울특별시 강남구 역삼로 145 우성빌딩,서울특별시 강남구 역삼동 751-13 우성빌딩,37.4946110311111,127.035259231111,나나빌딩,역삼119안전센터,N,,,,,,강남소방서,02-6981-7443,2025-12-31,서울특별시 강남구 역삼1동
강남-역삼-002447,1,서울특별시,강남구,11680,서울특별시 강남구 도곡로13길 14 수정빌라,서울특별시 강남구 역삼동 793-35 수정빌라,37.4918065811111,127.036465411111,,역삼119안전센터,N,,,,,,강남소방서,02-6981-7443,2025-12-31,서울특별시 강남구 역삼1동
강남-역삼-002448,1,서울특별시,강남구,11680,서울특별시 강남구 봉은사로2길 23 오렌지빌딩,서울특별시 강남구 역삼동 810-7 오렌지빌딩,37.5029779621111,127.026106091111,백곡빌딩,역삼119안전센터,N,,,,,,강남소방서,02-6981-7443,2025-12-31,서울특별시 강남구 역삼1동
강남-역삼-002449,1,서울특별시,강남구,11680,서울특별시 강남구 테헤란로1길 10 세경빌딩,서울특별시 강남구 역삼동 819-10 세경빌딩,37.4987524121111,127.028108891111,,역삼119안전센터,N,,,,,,강남소방서,02-6981-7443,2025-12-31,서울특별시 강남구 역삼1동
강남-역삼-002450,1,서울특별시,강남구,11680,서울특별시 강남구 테헤란로 115 동원빌딩,서울특별시 강남구 역삼동 649-10 동원빌딩,37.4990642721111,127.029720081111,,역삼119안전센터,N,,,,,,강남소방서,02-6981-7443,2025-12-31,서울특별시 강남구 역삼1동
강남-역삼-002451,1,서울특별시,강남구,11680,서울특별시 강남구 강남대로94길 71 ,서울특별시 강남구 역삼동 637-24 ,37.5006943221111,127.033084751111,,역삼119안전센터,N,,,,,,강남소방서,02-6981-7443,2025-12-31,서울특별시 강남구 역삼1동
강남-역삼-002459,1,서울특별시,강남구,11680,서울특별시 강남구 강남대로110길 57 일반주택623-6,서울특별시 강남구 역삼동 623-6 일반주택623-6,37.5034063691111,127.029461411111,,역삼119안전센터,N,,,,,,강남소방서,02-6981-7443,2025-12-31,서울특별시 강남구 역삼1동
강남-역삼-002460,1,서울특별시,강남구,11680,서울특별시 강남구 봉은사로18길 79 일반주택621-14,서울특별시 강남구 역삼동 621-14 일반주택621-14,37.5015946711111,127.027549711111,,역삼119안전센터,N,,,,,,강남소방서,02-6981-7443,2025-12-31,서울특별시 강남구 역삼1동
강남-역삼-002461,1,서울특별시,강남구,11680,서울특별시 강남구 봉은사로2길 35 소현빌딩,서울특별시 강남구 역삼동 813-8 소현빌딩,37.5022005581111,127.026473951111,포도플라자,역삼119안전센터,N,,,,,,강남소방서,02-6981-7443,2025-12-31,서울특별시 강남구 역삼1동
강남-역삼-002462,1,서울특별시,강남구,11680,서울특별시 강남구 봉은사로6길 30 유천칡냉면,서울특별시 강남구 역삼동 812-3 유천칡냉면,37.5030659081111,127.027331751111,,역삼119안전센터,N,,,,,,강남소방서,02-6981-7443,2025-12-31,서울특별시 강남구 역삼1동
강남-역삼-002487,2,서울특별시,강남구,11680,서울특별시 강남구 논현로 337 삼형빌딩,서울특별시 강남구 역삼동 790-9 삼형빌딩,37.4951104371111,127.039438751111,다가구주택,역삼119안전센터,N,,,,,,강남소방서,02-6981-7443,2025-12-31,서울특별시 강남구 역삼1동
강남-역삼-002583,1,서울특별시,강남구,11680,서울특별시 강남구 테헤란로13길 30 ,서울특별시 강남구 역삼동 637  ,37.5014352631111,127.031846311111,점포,역삼119안전센터,N,,,,,,강남소방서,02-6981-7443,2025-12-31,서울특별시 강남구 역삼1동
강남-역삼-002584,2,서울특별시,강남구,11680,서울특별시 강남구 논현로 556 엘엔케이빌딩,서울특별시 강남구 역삼동 659-3 엘엔케이빌딩,37.5055987621111,127.034801631111,주택,역삼119안전센터,N,,,,,,강남소방서,02-6981-7443,2025-12-31,서울특별시 강남구 역삼1동
강남-역삼-002585,1,서울특별시,강남구,11680,서울특별시 강남구 역삼로1길 19 우토랑갈비전문점,서울특별시 강남구 역삼동 831-5 우토랑갈비전문점,37.4944802111111,127.030362171111,점포,역삼119안전센터,N,,,,,,강남소방서,02-6981-7443,2025-12-31,서울특별시 강남구 역삼1동
강남-역삼-002586,2,서울특별시,강남구,11680,서울특별시 강남구 논현로79길 72 올림피아센타,서울특별시 강남구 역삼동 828-10 올림피아센타,37.4958888881111,127.033491611111,주택,역삼119안전센터,N,,,,,,강남소방서,02-6981-7443,2025-12-31,서울특별시 강남구 역삼1동
강남-역삼-002587,2,서울특별시,강남구,11680,서울특별시 강남구 강남대로 318 TOWER837,서울특별시 강남구 역삼동 837  TOWER837,37.4914027911111,127.030993361111,,역삼119안전센터,N,,,,,,강남소방서,02-6981-7443,2025-12-31,서울특별시 강남구 역삼1동
강남-역삼-002588,2,서울특별시,강남구,11680,서울특별시 강남구 역삼로 166 세현빌딩,서울특별시 강남구 역삼동 790  세현빌딩,37.4950281961111,127.037166961111,주택가,역삼119안전센터,N,,,,,,강남소방서,02-6981-7443,2025-12-31,서울특별시 강남구 역삼1동
강남-역삼-002652,2,서울특별시,강남구,11680,서울특별시 강남구 강남대로 452 대연빌딩,서울특별시 강남구 역삼동 809  대연빌딩,37.5037490671111,127.025026421111,우토랑갈비전문점,역삼119안전센터,N,,,,,,강남소방서,02-6981-7443,2025-12-31,서울특별시 강남구 역삼1동
강남-역삼-002653,2,서울특별시,강남구,11680,서울특별시 강남구 강남대로 428 만이빌딩,서울특별시 강남구 역삼동 815-4 만이빌딩,37.5007768431111,127.026549381111,올림피아센타,역삼119안전센터,N,,,,,,강남소방서,02-6981-7443,2025-12-31,서울특별시 강남구 역삼1동
강남-역삼-002654,1,서울특별시,강남구,11680,서울특별시 강남구 강남대로110길 19 모네뜨카페,서울특별시 강남구 역삼동 601-29 모네뜨카페,37.5037771521111,127.026405261111,TOWER837,역삼119안전센터,N,,,,,,강남소방서,02-6981-7443,2025-12-31,서울특별시 강남구 역삼1동
강남-역삼-002655,1,서울특별시,강남구,11680,서울특별시 강남구 강남대로102길 41 역삼동 616-24,서울특별시 강남구 역삼동 616-12 역삼동 616-24,37.5033518291111,127.028225271111,세현빌딩,역삼119안전센터,N,,,,,,강남소방서,02-6981-7443,2025-12-31,서울특별시 강남구 역삼1동
강남-역삼-002656,1,서울특별시,강남구,11680,서울특별시 테헤란로5길 41,서울특별시 강남구 역삼동 620-21,37.5009601081111,127.029107981111,역삼 E-편한세상,역삼119안전센터,N,,,,,,강남소방서,02-6981-7443,2025-12-31,서울특별시 강남구 역삼1동
강남-역삼-002657,1,서울특별시,강남구,11680,서울특별시 강남구 강남대로110길 76 ,서울특별시 강남구 역삼동 633-1 ,37.5028776771111,127.030649721111,,역삼119안전센터,N,,,,,,강남소방서,02-6981-7443,2025-12-31,서울특별시 강남구 역삼1동
강남-역삼-002658,1,서울특별시,강남구,11680,서울특별시 강남구 테헤란로19길 51 역삼동625-4,서울특별시 강남구 역삼동 625-4 역삼동625-4,37.5031391461111,127.032895641111,에스케이리더스뷰,역삼119안전센터,N,,,,,,강남소방서,02-6981-7443,2025-12-31,서울특별시 강남구 역삼1동
강남-역삼-002659,1,서울특별시,강남구,11680,서울특별시 강남구 논현로97길 30 ,서울특별시 강남구 역삼동 629-23 ,37.5026109141111,127.033106851111,,역삼119안전센터,N,,,,,,강남소방서,02-6981-7443,2025-12-31,서울특별시 강남구 역삼1동
강남-역삼-002660,1,서울특별시,강남구,11680,서울특별시 강남구 논현로95길 29-7 역삼동 644,서울특별시 강남구 역삼동 644  역삼동 644,37.5014070021111,127.034006891111,,역삼119안전센터,N,,,,,,강남소방서,02-6981-7443,2025-12-31,서울특별시 강남구 역삼1동
강남-역삼-002666,2,서울특별시,강남구,11680,서울특별시 강남구 논현로 566 차병원,서울특별시 강남구 역삼동 650-9 차병원,37.5068314851111,127.034263771111,교회옆  경남기업 공사장 입구,역삼119안전센터,N,,,,,,강남소방서,02-6981-7443,2025-12-31,서울특별시 강남구 역삼1동
강남-역삼-002667,1,서울특별시,강남구,11680,서울특별시 강남구 언주로103길 17 일반주택,서울특별시 강남구 역삼동 661-17 일반주택,37.5063282751111,127.038572811111,,역삼119안전센터,N,,,,,,강남소방서,02-6981-7443,2025-12-31,서울특별시 강남구 역삼1동
강남-역삼-002668,1,서울특별시,강남구,11680,서울특별시 강남구 논현로106길 8 건물앞,서울특별시 강남구 역삼동 659-12 건물앞,37.5061370191111,127.035443311111,대림아트빌 2차,역삼119안전센터,N,,,,,,강남소방서,02-6981-7443,2025-12-31,서울특별시 강남구 역삼1동
강남-역삼-002669,2,서울특별시,강남구,11680,서울특별시 강남구 테헤란로 203 아이앤지타워,서울특별시 강남구 역삼동 679-4 아이앤지타워,37.5013485981111,127.038196631111,양재대로 478,역삼119안전센터,N,,,,,,강남소방서,02-6981-7443,2025-12-31,서울특별시 강남구 역삼1동
강남-역삼-002670,1,서울특별시,강남구,11680,서울특별시 강남구 테헤란로43길 12 편의점,서울특별시 강남구 역삼동 703-3 편의점,37.5038620371111,127.044012221111,신동아파밀리에 101동 방향,역삼119안전센터,N,,,,,,강남소방서,02-6981-7443,2025-12-31,서울특별시 강남구 역삼1동
강남-역삼-002671,1,서울특별시,강남구,11680,서울특별시 강남구 언주로98길 39 ,서울특별시 강남구 역삼동 704-30 ,37.5042633671111,127.045302111111,세곡리엔파크2단지,역삼119안전센터,N,,,,,,강남소방서,02-6981-7443,2025-12-31,서울특별시 강남구 역삼1동
강남-역삼-002672,1,서울특별시,강남구,11680,서울특별시 강남구 선릉로107길 12 바우하우스,서울특별시 강남구 역삼동 682-26 바우하우스,37.5088551961111,127.043339171111,수서LPG충전소,역삼119안전센터,N,,,,,,강남소방서,02-6981-7443,2025-12-31,서울특별시 강남구 역삼1동
강남-역삼-002673,1,서울특별시,강남구,11680,서울특별시 강남구 선릉로99길 7 지번앞,서울특별시 강남구 역삼동 696-26 지번앞,37.5064163811111,127.046957251111,방죽주유소옆,역삼119안전센터,N,,,,,,강남소방서,02-6981-7443,2025-12-31,서울특별시 강남구 역삼1동
강남-역삼-002674,1,서울특별시,강남구,11680,서울특별시 강남구 테헤란로37길 15 영남빌딩앞,서울특별시 강남구 역삼동 677-6 영남빌딩앞,37.5030077191111,127.040630231111,도선여객정비공장,역삼119안전센터,N,,,,,,강남소방서,02-6981-7443,2025-12-31,서울특별시 강남구 역삼1동
강남-역삼-002675,2,서울특별시,강남구,11680,서울특별시 강남구 선릉로93길 9 성원빌딩,서울특별시 강남구 역삼동 705-15 성원빌딩,37.5051704441111,127.047435761111,,역삼119안전센터,N,,,,,,강남소방서,02-6981-7443,2025-12-31,서울특별시 강남구 역삼1동
강남-역삼-002676,1,서울특별시,강남구,11680,서울특별시 강남구 역삼로11길 13-8 알뜰슈퍼,서울특별시 강남구 역삼동 750-2 알뜰슈퍼,37.4953528281111,127.034640221111,,역삼119안전센터,N,,,,,,강남소방서,02-6981-7443,2025-12-31,서울특별시 강남구 역삼1동
강남-역삼-002677,1,서울특별시,강남구,11680,서울특별시 강남구 테헤란로22길 45 나동,서울특별시 강남구 역삼동 744-3 나동,37.4968903111111,127.036015971111,,역삼119안전센터,N,,,,,,강남소방서,02-6981-7443,2025-12-31,서울특별시 강남구 역삼1동
강남-역삼-002678,2,서울특별시,강남구,11680,서울특별시 강남구 테헤란로 130 호산빌딩,서울특별시 강남구 역삼동 823-23 호산빌딩,37.4992100611111,127.032659591111,,역삼119안전센터,N,,,,,,강남소방서,02-6981-7443,2025-12-31,서울특별시 강남구 역삼1동
강남-역삼-002679,1,서울특별시,강남구,11680,서울특별시 강남구 논현로61길 7 성원주택,서울특별시 강남구 역삼동 798-33 성원주택,37.4926758081111,127.039829511111,,역삼119안전센터,N,,,,,,강남소방서,02-6981-7443,2025-12-31,서울특별시 강남구 역삼1동
강남-역삼-002741,2,서울특별시,강남구,11680,서울특별시 강남구 언주로 517 KT영동지점,서울특별시 강남구 역삼동 675-3 KT영동지점,37.5051143361111,127.041334121111,지번앞,역삼119안전센터,N,,,,,,강남소방서,02-6981-7443,2025-12-31,서울특별시 강남구 역삼1동
강남-역삼-002742,1,서울특별시,강남구,11680,서울특별시 강남구 테헤란로27길 36 충현교호복지관,서울특별시 강남구 역삼동 670-3 충현교호복지관,37.5037117781111,127.037192521111,영남빌딩앞,역삼119안전센터,N,,,,,,강남소방서,02-6981-7443,2025-12-31,서울특별시 강남구 역삼1동
강남-역삼-002743,1,서울특별시,강남구,11680,서울특별시 강남구 언주로97길 29 소홍빌라,서울특별시 강남구 역삼동 672-18 소홍빌라,37.5047265251111,127.039051111111,성원빌딩,역삼119안전센터,N,,,,,,강남소방서,02-6981-7443,2025-12-31,서울특별시 강남구 역삼1동
강남-역삼-002744,1,서울특별시,강남구,11680,서울특별시 강남구 테헤란로57길 24 살롱드리 옆,서울특별시 강남구 역삼동 696-33 살롱드리 옆,37.5059526071111,127.047409461111,알뜰슈퍼,역삼119안전센터,N,,,,,,강남소방서,02-6981-7443,2025-12-31,서울특별시 강남구 역삼1동
강남-역삼-002747,1,서울특별시,강남구,11680,서울특별시 강남구 강남대로94길 10 ,서울특별시 강남구 역삼동 819  ,37.4992103181111,127.028052891111,성원주택,역삼119안전센터,N,,,,,,강남소방서,02-6981-7443,2025-12-31,서울특별시 강남구 역삼1동
강남-역삼-002748,5,서울특별시,강남구,11680,서울특별시 강남구 강남대로 420 역삼빌딩,서울특별시 강남구 역삼동 816-1 역삼빌딩,37.5001584681111,127.026790181111,,역삼119안전센터,N,,,,,,강남소방서,02-6981-7443,2025-12-31,서울특별시 강남구 역삼1동
강남-역삼-002749,1,서울특별시,강남구,11680,서울특별시 강남구 테헤란로2길 11 극동장(한솔),서울특별시 강남구 역삼동 825-31 극동장(한솔),37.4972994681111,127.029040181111,,역삼119안전센터,N,,,,,,강남소방서,02-6981-7443,2025-12-31,서울특별시 강남구 역삼1동
강남-역삼-002760,1,서울특별시,강남구,11680,서울특별시 강남구 테헤란로27길 8-13 ,서울특별시 강남구 역삼동 678-18 ,37.5021398981111,127.038887251111,성일자동차공업사,역삼119안전센터,N,,,,,,강남소방서,02-6981-7443,2025-12-31,서울특별시 강남구 역삼1동
강남-역삼-002832,1,서울특별시,강남구,11680,서울특별시 강남구 강남대로94길 83 원당뼈해장국,서울특별시 강남구 역삼동 645-20 원당뼈해장국,37.5007002331111,127.034099051111,,역삼119안전센터,N,,,,,,강남소방서,02-6981-7443,2025-12-31,서울특별시 강남구 역삼1동
강남-역삼-002833,1,서울특별시,강남구,11680,서울특별시 강남구 봉은사로20길 38 626-3번지,서울특별시 강남구 역삼동 626-3 626-3번지,37.5043490641111,127.032681241111,ESPA빌딩,역삼119안전센터,N,,,,,,강남소방서,02-6981-7443,2025-12-31,서울특별시 강남구 역삼1동
강남-역삼-002834,1,서울특별시,강남구,11680,서울특별시 강남구 테헤란로13길 25 ,서울특별시 강남구 역삼동 636-8 ,37.5012521171111,127.031928831111,길일반주택,역삼119안전센터,N,,,,,,강남소방서,02-6981-7443,2025-12-31,서울특별시 강남구 역삼1동
강남-역삼-002835,1,서울특별시,강남구,11680,서울특별시 강남구 테헤란로10길 14 편의점,서울특별시 강남구 역삼동 823-8 편의점,37.4981832641111,127.032454041111,노다지돌생삼겹,역삼119안전센터,N,,,,,,강남소방서,02-6981-7443,2025-12-31,서울특별시 강남구 역삼1동
강남-역삼-002836,1,서울특별시,강남구,11680,서울특별시 강남구 테헤란로14길 17 대동빌딩,서울특별시 강남구 역삼동 735-16 대동빌딩,37.4983950151111,127.033332231111,우진빌딩,역삼119안전센터,N,,,,,,강남소방서,02-6981-7443,2025-12-31,서울특별시 강남구 역삼1동
강남-역삼-002837,1,서울특별시,강남구,11680,서울특별시 강남구 테헤란로39길 31 2동일반주택,서울특별시 강남구 역삼동 674-43 2동일반주택,37.5041994231111,127.041066171111,,역삼119안전센터,N,,,,,,강남소방서,02-6981-7443,2025-12-31,서울특별시 강남구 역삼1동
강남-역삼-002838,2,서울특별시,강남구,11680,서울특별시 강남구 논현로 507 성지하이츠3,서울특별시 강남구 역삼동 642-6 성지하이츠3,37.5016759261111,127.036294411111,길아라타워,역삼119안전센터,N,,,,,,강남소방서,02-6981-7443,2025-12-31,서울특별시 강남구 역삼1동
강남-역삼-002839,2,서울특별시,강남구,11680,서울특별시 강남구 테헤란로 129 ,서울특별시 강남구 역삼동 648-17 ,37.4995942811111,127.032616481111,사회복지법인능인선원,역삼119안전센터,N,,,,,,강남소방서,02-6981-7443,2025-12-31,서울특별시 강남구 역삼1동
강남-역삼-002840,2,서울특별시,강남구,11680,서울특별시 강남구 봉은사로 164 비제이호텔,서울특별시 강남구 역삼동 605-6 비제이호텔,37.5065740631111,127.032228021111,동양제과 도곡동빌딩,역삼119안전센터,N,,,,,,강남소방서,02-6981-7443,2025-12-31,서울특별시 강남구 역삼1동
강남-역삼-002841,1,서울특별시,강남구,11680,서울특별시 강남구 테헤란로6길 31 일반주택,서울특별시 강남구 역삼동 827-54 일반주택,37.4964694341111,127.031271131111,,역삼119안전센터,N,,,,,,강남소방서,02-6981-7443,2025-12-31,서울특별시 강남구 역삼1동
강남-역삼-002842,1,서울특별시,강남구,11680,서울특별시 강남구 강남대로102길 15 세떼비앙,서울특별시 강남구 역삼동 813-12 세떼비앙,37.5020773821111,127.027091361111,현대아파트1동(35세대),역삼119안전센터,N,,,,,,강남소방서,02-6981-7443,2025-12-31,서울특별시 강남구 역삼1동
강남-역삼-002843,1,서울특별시,강남구,11680,서울특별시 강남구 역삼로2길 13 ,서울특별시 강남구 역삼동 832-28 ,37.4923535911111,127.031400741111,ICU 미디어연구센터,역삼119안전센터,N,,,,,,강남소방서,02-6981-7443,2025-12-31,서울특별시 강남구 역삼1동
강남-역삼-002844,1,서울특별시,강남구,11680,서울특별시 강남구 역삼로5길 13 일반주택,서울특별시 강남구 역삼동 830-14 일반주택,37.4946217951111,127.032142331111,소양빌딩,역삼119안전센터,N,,,,,,강남소방서,02-6981-7443,2025-12-31,서울특별시 강남구 역삼1동
강남-역삼-002852,1,서울특별시,강남구,11680,서울특별시 강남구 테헤란로19길 29-7 ,서울특별시 강남구 역삼동 637-54 ,37.5017441311111,127.032409111111,,역삼119안전센터,N,,,,,,강남소방서,02-6981-7443,2025-12-31,서울특별시 강남구 역삼1동
강남-역삼-002853,1,서울특별시,강남구,11680,서울특별시 강남구 강남대로110길 86 ,서울특별시 강남구 역삼동 632-8 ,37.5029804161111,127.031668581111,채널리저브,역삼119안전센터,N,,,,,,강남소방서,02-6981-7443,2025-12-31,서울특별시 강남구 역삼1동
강남-역삼-002887,2,서울특별시,강남구,11680,서울특별시 강남구 테헤란로8길 13 유원중국음식점,서울특별시 강남구 역삼동 823-11 유원중국음식점,37.4977701641111,127.031708921111,예랑빌딩,역삼119안전센터,N,,,,,,강남소방서,02-6981-7443,2025-12-31,서울특별시 강남구 역삼1동
강남-역삼-002889,1,서울특별시,강남구,11680,서울특별시 강남구 논현로79길 66 한국당구장건물,서울특별시 강남구 역삼동 828-55 한국당구장건물,37.4959105491111,127.033610531111,KBL빌딩,역삼119안전센터,N,,,,,,강남소방서,02-6981-7443,2025-12-31,서울특별시 강남구 역삼1동
강남-역삼-002920,1,서울특별시,강남구,11680,서울특별시 강남구 봉은사로26길 7 리치몬드호텔,서울특별시 강남구 역삼동 606-8 리치몬드호텔,37.5063334631111,127.033134231111,주택,역삼119안전센터,N,,,,,,강남소방서,02-6981-7443,2025-12-31,서울특별시 강남구 역삼1동
강남-역삼-002956,1,서울특별시,강남구,11680,서울특별시 강남구 논현로87길 15 수종빌딩,서울특별시 강남구 역삼동 736-54 수종빌딩,37.4995419311111,127.035561111111,,역삼119안전센터,N,,,,,,강남소방서,02-6981-7443,2025-12-31,서울특별시 강남구 역삼1동
강남-역삼-002957,1,서울특별시,강남구,11680,서울특별시 강남구 봉은사로30길 11 역삼동658빌딩,서울특별시 강남구 역삼동 658  역삼동658빌딩,37.5067896361111,127.035311961111,,역삼119안전센터,N,,,,,,강남소방서,02-6981-7443,2025-12-31,서울특별시 강남구 역삼1동
강남-역삼-002958,1,서울특별시,강남구,11680,서울특별시 강남구 논현로102길 7 건물,서울특별시 강남구 역삼동 659-26 건물,37.5049106021111,127.035903041111,,역삼119안전센터,N,,,,,,강남소방서,02-6981-7443,2025-12-31,서울특별시 강남구 역삼1동
강남-역삼-002959,2,서울특별시,강남구,11680,서울특별시 강남구 언주로 534 ,서울특별시 강남구 역삼동 689-7 ,37.5055253851111,127.041577791111,,역삼119안전센터,N,,,,,,강남소방서,02-6981-7443,2025-12-31,서울특별시 강남구 역삼1동
강남-역삼-002960,2,서울특별시,강남구,11680,서울특별시 강남구 테헤란로 114 서초세무서,서울특별시 강남구 역삼동 824  서초세무서,37.4983937141111,127.030274811111,,역삼119안전센터,N,,,,,,강남소방서,02-6981-7443,2025-12-31,서울특별시 강남구 역삼1동
강남-역삼-002966,1,서울특별시,강남구,11680,서울특별시 강남구 논현로102길 12 충현교회유치부,서울특별시 강남구 역삼동 666  충현교회유치부,37.5042889111111,127.036862071111,동문빌딩,역삼119안전센터,N,,,,,,강남소방서,02-6981-7443,2025-12-31,서울특별시 강남구 역삼1동
강남-역삼-002968,1,서울특별시,강남구,11680,서울특별시 강남구 테헤란로25길 20 역삼현대벤쳐텔,서울특별시 강남구 역삼동 642-1 역삼현대벤쳐텔,37.5018004411111,127.035597221111,,역삼119안전센터,N,,,,,,강남소방서,02-6981-7443,2025-12-31,서울특별시 강남구 역삼1동
강남-역삼-002970,1,서울특별시,강남구,11680,서울특별시 강남구 논현로102길 23 하이츠빌라,서울특별시 강남구 역삼동 660-20 하이츠빌라,37.5053540891111,127.037073081111,청승빌란동,역삼119안전센터,N,,,,,,강남소방서,02-6981-7443,2025-12-31,서울특별시 강남구 역삼1동
강남-역삼-002974,2,서울특별시,강남구,11680,서울특별시 강남구 도곡로7길 28 ,서울특별시 강남구 역삼동 835  ,37.4921734521111,127.034380071111,정안빌딩,역삼119안전센터,N,,,,,,강남소방서,02-6981-7443,2025-12-31,서울특별시 강남구 역삼1동
강남-역삼-002975,2,서울특별시,강남구,11680,서울특별시 강남구 역삼로8길 3 ,서울특별시 강남구 역삼동 834-5 ,37.4935547011111,127.033721131111,일반주택,역삼119안전센터,N,,,,,,강남소방서,02-6981-7443,2025-12-31,서울특별시 강남구 역삼1동
강남-역삼-002976,2,서울특별시,강남구,11680,서울특별시 강남구 테헤란로8길 25 신정빌딩,서울특별시 강남구 역삼동 828  신정빌딩,37.4968318211111,127.032134351111,한우리빌라,역삼119안전센터,N,,,,,,강남소방서,02-6981-7443,2025-12-31,서울특별시 강남구 역삼1동
강남-영동-002977,2,서울특별시,강남구,11680,서울특별시 강남구 봉은사로 159 정글빌딩,서울특별시 강남구 논현동 206-17 정글빌딩,37.5066867231111,127.031804831111,,영동119안전센터,N,,,,,,강남소방서,02-6981-7443,2025-12-31,서울특별시 강남구 역삼1동
강남-역삼-002978,2,서울특별시,강남구,11680,서울특별시 강남구 논현로 535 스카이모텔,서울특별시 강남구 역삼동 628-11 스카이모텔,37.5040495341111,127.035235531111,,역삼119안전센터,N,,,,,,강남소방서,02-6981-7443,2025-12-31,서울특별시 강남구 역삼1동
강남-역삼-002984,2,서울특별시,강남구,11680,서울특별시 강남구 논현로 534 충현교회,서울특별시 강남구 역삼동 667-10 충현교회,37.5038475461111,127.035635261111,,역삼119안전센터,N,,,,,,강남소방서,02-6981-7443,2025-12-31,서울특별시 강남구 역삼1동
강남-역삼-002987,1,서울특별시,강남구,11680,서울특별시 강남구 테헤란로19길 56 역삼동626-21,서울특별시 강남구 역삼동 626-21 역삼동626-21,37.5036153561111,127.032660131111,타워팰리스,역삼119안전센터,N,,,,,,강남소방서,02-6981-7443,2025-12-31,서울특별시 강남구 역삼1동
강남-역삼-002988,1,서울특별시,강남구,11680,서울특별시 강남구 논현로 565 휴먼터치빌,서울특별시 강남구 역삼동 606-18 휴먼터치빌,37.5066213411111,127.033704251111,,역삼119안전센터,N,,,,,,강남소방서,02-6981-7443,2025-12-31,서울특별시 강남구 역삼1동
강남-역삼-002998,2,서울특별시,강남구,11680,서울특별시 강남구 테헤란로19길 51 ,서울특별시 강남구 역삼동 625-4 ,37.5033090341111,127.032733851111,주택가,역삼119안전센터,N,,,,,,강남소방서,02-6981-7443,2025-12-31,서울특별시 강남구 역삼1동
강남-역삼-003032,2,서울특별시,강남구,11680,서울특별시 강남구 테헤란로 133 ,서울특별시 강남구 역삼동 647-14 ,37.4998382351111,127.033367211111,미레에셋타워,역삼119안전센터,N,,,,,,강남소방서,02-6981-7443,2025-12-31,서울특별시 강남구 역삼1동
강남-역삼-003033,2,서울특별시,강남구,11680,서울특별시 강남구 테헤란로 123 ,서울특별시 강남구 역삼동 648-23 ,37.4992778971111,127.031626311111,경희빌딩,역삼119안전센터,N,,,,,,강남소방서,02-6981-7443,2025-12-31,서울특별시 강남구 역삼1동
강남-역삼-003034,1,서울특별시,강남구,11680,서울특별시 강남구 언주로93길 20 보현재 한정식,서울특별시 강남구 역삼동 673-39 보현재 한정식,37.5034110931111,127.040411971111,동국제약,역삼119안전센터,N,,,,,,강남소방서,02-6981-7443,2025-12-31,서울특별시 강남구 역삼1동
강남-역삼-003035,1,서울특별시,강남구,11680,서울특별시 강남구 논현로105길 79 역삼동615-4,서울특별시 강남구 역삼동 615-20 역삼동615-4,37.5044535351111,127.027782711111,선경3차아파트,역삼119안전센터,N,,,,,,강남소방서,02-6981-7443,2025-12-31,서울특별시 강남구 역삼1동
강남-역삼-003036,1,서울특별시,강남구,11680,서울특별시 강남구 봉은사로16길 23 역삼동S빌딩,서울특별시 강남구 역삼동 614-9 역삼동S빌딩,37.5047531061111,127.029393411111,,역삼119안전센터,N,,,,,,강남소방서,02-6981-7443,2025-12-31,서울특별시 강남구 역삼1동
강남-역삼-003037,1,서울특별시,강남구,11680,서울특별시 강남구 봉은사로30길 69 청학루,서울특별시 강남구 역삼동 669-7 청학루,37.5029714671111,127.036871451111,충현교회유치부,역삼119안전센터,N,,,,,,강남소방서,02-6981-7443,2025-12-31,서울특별시 강남구 역삼1동
강남-역삼-003038,1,서울특별시,강남구,11680,서울특별시 강남구 테헤란로39길 62 장위동유성집참숯구이,서울특별시 강남구 역삼동 662-4 장위동유성집참숯구이,37.5061973721111,127.039923271111,,역삼119안전센터,N,,,,,,강남소방서,02-6981-7443,2025-12-31,서울특별시 강남구 역삼1동
강남-역삼-003039,1,서울특별시,강남구,11680,서울특별시 강남구 테헤란로53길 39 산마리노,서울특별시 강남구 역삼동 697-3 산마리노,37.5063108931111,127.045296321111,역삼현대벤쳐텔,역삼119안전센터,N,,,,,,강남소방서,02-6981-7443,2025-12-31,서울특별시 강남구 역삼1동
강남-역삼-003040,1,서울특별시,강남구,11680,서울특별시 강남구 테헤란로6길 7 동영빌딩,서울특별시 강남구 역삼동 824-39 동영빌딩,37.4980673791111,127.030521751111,세종고등학교,역삼119안전센터,N,,,,,,강남소방서,02-6981-7443,2025-12-31,서울특별시 강남구 역삼1동
강남-역삼-003041,1,서울특별시,강남구,11680,서울특별시 강남구 논현로79길 7 강남문화원,서울특별시 강남구 역삼동 745-3 강남문화원,37.4975451991111,127.037625331111,하이츠빌라,역삼119안전센터,N,,,,,,강남소방서,02-6981-7443,2025-12-31,서울특별시 강남구 역삼1동
강남-역삼-003042,1,서울특별시,강남구,11680,서울특별시 강남구 논현로97길 19-6 RACE VILLE,서울특별시 강남구 역삼동 639-9 RACE VILLE,37.5023862531111,127.034272551111,푸른마을아파트 104동,역삼119안전센터,N,,,,,,강남소방서,02-6981-7443,2025-12-31,서울특별시 강남구 역삼1동
강남-역삼-003043,1,서울특별시,강남구,11680,서울특별시 강남구 선릉로105길 6 칼라힐빌라,서울특별시 강남구 역삼동 683-9 칼라힐빌라,37.5082741541111,127.044277191111,강남YMCA,역삼119안전센터,N,,,,,,강남소방서,02-6981-7443,2025-12-31,서울특별시 강남구 역삼1동
강남-역삼-003044,1,서울특별시,강남구,11680,서울특별시 강남구 도곡로1길 10 ,서울특별시 강남구 역삼동 837-24 ,37.4904414831111,127.032421881111,,역삼119안전센터,N,,,,,,강남소방서,02-6981-7443,2025-12-31,서울특별시 강남구 역삼1동
강남-역삼-003045,1,서울특별시,강남구,11680,서울특별시 강남구 역삼로12길 14 ,서울특별시 강남구 역삼동 834-16 ,37.4933999031111,127.034712211111,,역삼119안전센터,N,,,,,,강남소방서,02-6981-7443,2025-12-31,서울특별시 강남구 역삼1동
강남-역삼-003046,1,서울특별시,강남구,11680,서울특별시 강남구 강남대로94길 51-8 ,서울특별시 강남구 역삼동 636-25 ,37.5007143861111,127.031201921111,,역삼119안전센터,N,,,,,,강남소방서,02-6981-7443,2025-12-31,서울특별시 강남구 역삼1동
강남-역삼-003053,2,서울특별시,강남구,11680,서울특별시 강남구 봉은사로 130 노보텔 앰배서더 강남 서울,서울특별시 강남구 역삼동 603  노보텔 앰배서더 강남  서울,37.5055486611111,127.029034991111,,역삼119안전센터,N,,,,,,강남소방서,02-6981-7443,2025-12-31,서울특별시 강남구 역삼1동
강남-역삼-003055,2,서울특별시,강남구,11680,서울특별시 강남구 언주로 540 코원시스템,서울특별시 강남구 역삼동 689-3 코원시스템,37.5066090781111,127.041345891111,충현교회,역삼119안전센터,N,,,,,,강남소방서,02-6981-7443,2025-12-31,서울특별시 강남구 역삼1동
강남-역삼-003194,1,서울특별시,강남구,11680,서울특별시 강남구 테헤란로5길 51-11 ,서울특별시 강남구 역삼동 620-4 ,37.5015381041111,127.028779781111,개포로 623-1,역삼119안전센터,N,,,,,,강남소방서,02-6981-7443,2025-12-31,서울특별시 강남구 역삼1동
강남-역삼-003195,1,서울특별시,강남구,11680,서울특별시 강남구 테헤란로19길 64 626-13,서울특별시 강남구 역삼동 626-13 626-13,37.5039140251111,127.032153241111,대청아파트302동,역삼119안전센터,N,,,,,,강남소방서,02-6981-7443,2025-12-31,서울특별시 강남구 역삼1동
강남-역삼-003196,1,서울특별시,강남구,11680,서울특별시 강남구 논현로95길 30 동산마트,서울특별시 강남구 역삼동 638-17 동산마트,37.5016813341111,127.033615751111,강남구건강가정지원센터,역삼119안전센터,N,,,,,,강남소방서,02-6981-7443,2025-12-31,서울특별시 강남구 역삼1동
강남-역삼-003197,1,서울특별시,강남구,11680,서울특별시 강남구 테헤란로19길 7 일반주택,서울특별시 강남구 역삼동 647-12 일반주택,37.5004914891111,127.033639851111,,역삼119안전센터,N,,,,,,강남소방서,02-6981-7443,2025-12-31,서울특별시 강남구 역삼1동
강남-역삼-003198,1,서울특별시,강남구,11680,서울특별시 강남구 강남대로94길 27 ,서울특별시 강남구 역삼동 635-13 ,37.4996590171111,127.029436291111,,역삼119안전센터,N,,,,,,강남소방서,02-6981-7443,2025-12-31,서울특별시 강남구 역삼1동
강남-역삼-003199,1,서울특별시,강남구,11680,서울특별시 강남구 테헤란로33길 6-11 일반주택,서울특별시 강남구 역삼동 677-19 일반주택,37.5024389381111,127.040150131111,,역삼119안전센터,N,,,,,,강남소방서,02-6981-7443,2025-12-31,서울특별시 강남구 역삼1동
강남-역삼-003200,1,서울특별시,강남구,11680,서울특별시 강남구 봉은사로50길 41 역삼동 다세대주택,서울특별시 강남구 역삼동 683-29 역삼동 다세대주택,37.5076379881111,127.044533611111,,역삼119안전센터,N,,,,,,강남소방서,02-6981-7443,2025-12-31,서울특별시 강남구 역삼1동
강남-역삼-003201,1,서울특별시,강남구,11680,서울특별시 강남구 봉은사로48길 19 부니빌라,서울특별시 강남구 역삼동 684-4 부니빌라,37.5080681571111,127.041869911111,,역삼119안전센터,N,,,,,,강남소방서,02-6981-7443,2025-12-31,서울특별시 강남구 역삼1동
강남-역삼-003202,1,서울특별시,강남구,11680,서울특별시 강남구 봉은사로48길 36 메이하우스,서울특별시 강남구 역삼동 690-32 메이하우스,37.5070778731111,127.042636811111,,역삼119안전센터,N,,,,,,강남소방서,02-6981-7443,2025-12-31,서울특별시 강남구 역삼1동
강남-역삼-003203,1,서울특별시,강남구,11680,서울특별시 강남구 테헤란로51길 51 주택앞,서울특별시 강남구 역삼동 698-25 주택앞,37.5056983721111,127.043602191111,교회,역삼119안전센터,N,,,,,,강남소방서,02-6981-7443,2025-12-31,서울특별시 강남구 역삼1동
강남-역삼-003208,1,서울특별시,강남구,11680,서울특별시 강남구 논현로87길 37 신일유토빌,서울특별시 강남구 역삼동 735-31 신일유토빌,37.4989731041111,127.033716481111,,역삼119안전센터,N,,,,,,강남소방서,02-6981-7443,2025-12-31,서울특별시 강남구 역삼1동
강남-역삼-003209,1,서울특별시,강남구,11680,서울특별시 강남구 논현로85길 47 융도빌딩,서울특별시 강남구 역삼동 741-11 융도빌딩,37.4979221981111,127.034218781111,동서식품,역삼119안전센터,N,,,,,,강남소방서,02-6981-7443,2025-12-31,서울특별시 강남구 역삼1동
강남-역삼-003210,1,서울특별시,강남구,11680,서울특별시 강남구 논현로75길 10 영동중앙교회,서울특별시 강남구 역삼동 746-18 영동중앙교회,37.4963131311111,127.037908421111,현대빌라,역삼119안전센터,N,,,,,,강남소방서,02-6981-7443,2025-12-31,서울특별시 강남구 역삼1동
강남-역삼-003212,1,서울특별시,강남구,11680,서울특별시 강남구 강남대로 432 ,서울특별시 강남구 역삼동 815  ,37.5016206241111,127.026667991111,다세대주택,역삼119안전센터,N,,,,,,강남소방서,02-6981-7443,2025-12-31,서울특별시 강남구 역삼1동
강남-역삼-003213,1,서울특별시,강남구,11680,서울특별시 강남구 역삼로3길 14 광성빌딩,서울특별시 강남구 역삼동 830-32 광성빌딩,37.4943038411111,127.031401511111,,역삼119안전센터,N,,,,,,강남소방서,02-6981-7443,2025-12-31,서울특별시 강남구 역삼1동
강남-역삼-003214,1,서울특별시,강남구,11680,서울특별시 강남구 역삼로12길 5 ,서울특별시 강남구 역삼동 834-51 ,37.4937833631111,127.034561561111,래미안 대치 팰리스,역삼119안전센터,N,,,,,,강남소방서,02-6981-7443,2025-12-31,서울특별시 강남구 역삼1동
강남-역삼-003215,1,서울특별시,강남구,11680,서울특별시 강남구 강남대로66길 36 ,서울특별시 강남구 역삼동 836-34 ,37.4923176781111,127.033669111111,,역삼119안전센터,N,,,,,,강남소방서,02-6981-7443,2025-12-31,서울특별시 강남구 역삼1동
강남-역삼-003447,1,서울특별시,강남구,11680,서울특별시 강남구 봉은사로26길 22-4 일반주택,서울특별시 강남구 역삼동 609-12 일반주택,37.5053647111111,127.033620711111,엘리시아빌,역삼119안전센터,N,,,,,,강남소방서,02-6981-7443,2025-12-31,서울특별시 강남구 역삼1동
강남-역삼-003448,1,서울특별시,강남구,11680,서울특별시 강남구 봉은사로24길 24 일반주택,서울특별시 강남구 역삼동 610-5 일반주택,37.5050930571111,127.032529221111,,역삼119안전센터,N,,,,,,강남소방서,02-6981-7443,2025-12-31,서울특별시 강남구 역삼1동
강남-역삼-003449,1,서울특별시,강남구,11680,서울특별시 강남구 테헤란로19길 76 일반주택,서울특별시 강남구 역삼동 612-9 일반주택,37.5042092921111,127.031721791111,,역삼119안전센터,N,,,,,,강남소방서,02-6981-7443,2025-12-31,서울특별시 강남구 역삼1동
강남-역삼-003450,1,서울특별시,강남구,11680,서울특별시 강남구 봉은사로20길 18 일반주택,서울특별시 강남구 역삼동 613-24 일반주택,37.5051198261111,127.031165281111,,역삼119안전센터,N,,,,,,강남소방서,02-6981-7443,2025-12-31,서울특별시 강남구 역삼1동
강남-역삼-003451,1,서울특별시,강남구,11680,서울특별시 강남구 테헤란로13길 61 일반주택,서울특별시 강남구 역삼동 623-26 일반주택,37.5032366571111,127.030481951111,,역삼119안전센터,N,,,,,,강남소방서,02-6981-7443,2025-12-31,서울특별시 강남구 역삼1동
강남-역삼-003452,1,서울특별시,강남구,11680,서울특별시 강남구 강남대로110길 83-6 일반주택,서울특별시 강남구 역삼동 624-28 일반주택,37.5031989911111,127.031388131111,,역삼119안전센터,N,,,,,,강남소방서,02-6981-7443,2025-12-31,서울특별시 강남구 역삼1동
강남-역삼-003453,1,서울특별시,강남구,11680,서울특별시 강남구 테헤란로13길 58 일반주택,서울특별시 강남구 역삼동 624-24 일반주택,37.5032648291111,127.030876581111,,역삼119안전센터,N,,,,,,강남소방서,02-6981-7443,2025-12-31,서울특별시 강남구 역삼1동
강남-역삼-003454,1,서울특별시,강남구,11680,서울특별시 강남구 봉은사로22길 45-6 일반주택,서울특별시 강남구 역삼동 624-38 일반주택,37.5037767341111,127.030699111111,,역삼119안전센터,N,,,,,,강남소방서,02-6981-7443,2025-12-31,서울특별시 강남구 역삼1동
강남-역삼-003455,1,서울특별시,강남구,11680,서울특별시 강남구 테헤란로19길 77-5 드림타워2000,서울특별시 강남구 역삼동 624-9 드림타워2000,37.5040588181111,127.031001811111,논현빌라,역삼119안전센터,N,,,,,,강남소방서,02-6981-7443,2025-12-31,서울특별시 강남구 역삼1동
강남-역삼-003456,1,서울특별시,강남구,11680,서울특별시 강남구 논현로99길 38 일반주택,서울특별시 강남구 역삼동 625-11 일반주택,37.5028812831111,127.032310761111,일반주택 전봇대,역삼119안전센터,N,,,,,,강남소방서,02-6981-7443,2025-12-31,서울특별시 강남구 역삼1동
강남-역삼-003457,1,서울특별시,강남구,11680,서울특별시 강남구 봉은사로24길 49 일반주택,서울특별시 강남구 역삼동 625-7 일반주택,37.5035329251111,127.031767761111,영빌라트A,역삼119안전센터,N,,,,,,강남소방서,02-6981-7443,2025-12-31,서울특별시 강남구 역삼1동
강남-역삼-003458,1,서울특별시,강남구,11680,서울특별시 강남구 논현로97길 18 일반주택,서울특별시 강남구 역삼동 629-16 일반주택,37.5030031841111,127.033952931111,,역삼119안전센터,N,,,,,,강남소방서,02-6981-7443,2025-12-31,서울특별시 강남구 역삼1동
강남-역삼-003459,1,서울특별시,강남구,11680,서울특별시 강남구 논현로99길 23 일반주택,서울특별시 강남구 역삼동 629-1 일반주택,37.502978911111,127.033385711111,일반주택가 건물,역삼119안전센터,N,,,,,,강남소방서,02-6981-7443,2025-12-31,서울특별시 강남구 역삼1동
강남-역삼-003460,1,서울특별시,강남구,11680,서울특별시 강남구 봉은사로24길 73 ,서울특별시 강남구 역삼동 631-15 ,37.5021159271111,127.032196551111,선봉빌딩,역삼119안전센터,N,,,,,,강남소방서,02-6981-7443,2025-12-31,서울특별시 강남구 역삼1동
강남-역삼-003461,1,서울특별시,강남구,11680,서울특별시 강남구 테헤란로13길 47-3 ,서울특별시 강남구 역삼동 633-21 ,37.5023732041111,127.030915951111,,역삼119안전센터,N,,,,,,강남소방서,02-6981-7443,2025-12-31,서울특별시 강남구 역삼1동
강남-역삼-003462,1,서울특별시,강남구,11680,서울특별시 강남구 논현로97길 71 일반주택,서울특별시 강남구 역삼동 634-4 일반주택,37.5026389211111,127.030286231111,일반주택,역삼119안전센터,N,,,,,,강남소방서,02-6981-7443,2025-12-31,서울특별시 강남구 역삼1동
강남-역삼-003463,1,서울특별시,강남구,11680,서울특별시 강남구 테헤란로19길 34-7 역삼타운하우스,서울특별시 강남구 역삼동 638-7 역삼타운하우스,37.5021749281111,127.033667891111,코리아빙텔,역삼119안전센터,N,,,,,,강남소방서,02-6981-7443,2025-12-31,서울특별시 강남구 역삼1동
강남-역삼-003464,1,서울특별시,강남구,11680,서울특별시 강남구 논현로97길 13-3 인봉빌딩,서울특별시 강남구 역삼동 640-14 인봉빌딩,37.5027155741111,127.034619631111,,역삼119안전센터,N,,,,,,강남소방서,02-6981-7443,2025-12-31,서울특별시 강남구 역삼1동
강남-역삼-003465,1,서울특별시,강남구,11680,서울특별시 강남구 논현로95길 15 일반주택,서울특별시 강남구 역삼동 643-3 일반주택,37.5019986181111,127.034671941111,일반주택가,역삼119안전센터,N,,,,,,강남소방서,02-6981-7443,2025-12-31,서울특별시 강남구 역삼1동
강남-역삼-003466,1,서울특별시,강남구,11680,서울특별시 강남구 테헤란로21길 15 일반주택,서울특별시 강남구 역삼동 644-2 일반주택,37.5011264541111,127.034439431111,미용학원,역삼119안전센터,N,,,,,,강남소방서,02-6981-7443,2025-12-31,서울특별시 강남구 역삼1동
강남-역삼-003467,1,서울특별시,강남구,11680,서울특별시 강남구 테헤란로21길 18 일반주택,서울특별시 강남구 역삼동 644-6 일반주택,37.5014768931111,127.034410291111,토탈빌딩,역삼119안전센터,N,,,,,,강남소방서,02-6981-7443,2025-12-31,서울특별시 강남구 역삼1동
강남-역삼-003468,1,서울특별시,강남구,11680,서울특별시 강남구 테헤란로16길 38 제이스빌리지,서울특별시 강남구 역삼동 741-28 제이스빌리지,37.4972113041111,127.034550731111,포드크래스빌라,역삼119안전센터,N,,,,,,강남소방서,02-6981-7443,2025-12-31,서울특별시 강남구 역삼1동
강남-역삼-003470,2,서울특별시,강남구,11680,서울특별시 강남구 역삼로 172 다다실업,서울특별시 강남구 역삼동 790-4 다다실업,37.4952603091111,127.037959421111,국제음악예술학교,역삼119안전센터,N,,,,,,강남소방서,02-6981-7443,2025-12-31,서울특별시 강남구 역삼1동
강남-역삼-003471,1,서울특별시,강남구,11680,서울특별시 강남구 강남대로92길 19 ,서울특별시 강남구 역삼동 819-6 ,37.4989167251111,127.028801871111,서울빌딩,역삼119안전센터,N,,,,,,강남소방서,02-6981-7443,2025-12-31,서울특별시 강남구 역삼1동
강남-역삼-003472,2,서울특별시,강남구,11680,서울특별시 강남구 논현로 327 명호빌딩,서울특별시 강남구 역삼동 797-16 명호빌딩,37.4945235311111,127.039608371111,길마진빌,역삼119안전센터,N,,,,,,강남소방서,02-6981-7443,2025-12-31,서울특별시 강남구 역삼1동
강남-역삼-003529,1,서울특별시,강남구,11680,서울특별시 강남구 테헤란로19길 53-6 일반주택,서울특별시 강남구 역삼동 625-12 일반주택,37.5034747211111,127.032072921111,역삼타운하우스,역삼119안전센터,N,,,,,,강남소방서,02-6981-7443,2025-12-31,서울특별시 강남구 역삼1동
강남-역삼-003539,1,서울특별시,강남구,11680,서울특별시 강남구 역삼로18길 15 다솜빌,서울특별시 강남구 역삼동 792-27 다솜빌,37.4937051021111,127.036554511111,그린빌오피스텔,역삼119안전센터,N,,,,,,강남소방서,02-6981-7443,2025-12-31,서울특별시 강남구 역삼1동
강남-역삼-003540,1,서울특별시,강남구,11680,서울특별시 강남구 논현로71길 35-3 리치빌-1,서울특별시 강남구 역삼동 792-35 리치빌-1,37.4939615931111,127.036678711111,일반주택 좌측 5M,역삼119안전센터,N,,,,,,강남소방서,02-6981-7443,2025-12-31,서울특별시 강남구 역삼1동
강남-역삼-003541,1,서울특별시,강남구,11680,서울특별시 강남구 논현로71길 29-10 강남아트빌라,서울특별시 강남구 역삼동 792-41 강남아트빌라,37.4940022141111,127.037176111111,세곡동주민센터,역삼119안전센터,N,,,,,,강남소방서,02-6981-7443,2025-12-31,서울특별시 강남구 역삼1동
강남-역삼-003542,1,서울특별시,강남구,11680,서울특별시 강남구 도곡로19길 23 다세대주택 9세대),서울특별시 강남구 역삼동 794-11 다세대주택 9세대),37.4931844821111,127.037760311111,,역삼119안전센터,N,,,,,,강남소방서,02-6981-7443,2025-12-31,서울특별시 강남구 역삼1동
강남-역삼-003543,1,서울특별시,강남구,11680,서울특별시 강남구 논현로63길 30 주택,서울특별시 강남구 역삼동 795-26 주택,37.4921973771111,127.038657651111,자동차유리전문점,역삼119안전센터,N,,,,,,강남소방서,02-6981-7443,2025-12-31,서울특별시 강남구 역삼1동
강남-역삼-003544,1,서울특별시,강남구,11680,서울특별시 강남구 도곡로23길 23 주택,서울특별시 강남구 역삼동 796-12 주택,37.4936550681111,127.039275061111,,역삼119안전센터,N,,,,,,강남소방서,02-6981-7443,2025-12-31,서울특별시 강남구 역삼1동
강남-역삼-003545,1,서울특별시,강남구,11680,서울특별시 강남구 도곡로23길 36 주택,서울특별시 강남구 역삼동 797-8 주택,37.4944736151111,127.038973581111,인파크뷰,역삼119안전센터,N,,,,,,강남소방서,02-6981-7443,2025-12-31,서울특별시 강남구 역삼1동
강남-역삼-003546,1,서울특별시,강남구,11680,서울특별시 강남구 도곡로7길 28 역삼동 835 지번건물,서울특별시 강남구 역삼동 835  역삼동 835 지번건물,37.4923949531111,127.034382191111,,역삼119안전센터,N,,,,,,강남소방서,02-6981-7443,2025-12-31,서울특별시 강남구 역삼1동
강남-역삼-003547,1,서울특별시,강남구,11680,서울특별시 강남구 도곡로11길 13 역삼르비앙아파트,서울특별시 강남구 역삼동 835-12 역삼르비앙아파트,37.4916797371111,127.035262161111,,역삼119안전센터,N,,,,,,강남소방서,02-6981-7443,2025-12-31,서울특별시 강남구 역삼1동
강남-역삼-003548,1,서울특별시,강남구,11680,서울특별시 강남구 도곡로7길 8 송현빌딩,서울특별시 강남구 역삼동 835-6 송현빌딩,37.4912029221111,127.035187041111,,역삼119안전센터,N,,,,,,강남소방서,02-6981-7443,2025-12-31,서울특별시 강남구 역삼1동
강남-역삼-003591,1,서울특별시,강남구,11680,서울특별시 강남구 도곡로 189 정금빌딩,서울특별시 강남구 역삼동 798-20 정금빌딩,37.4921606711111,127.039990671111,힐하우스,역삼119안전센터,N,,,,,,강남소방서,02-6981-7443,2025-12-31,서울특별시 강남구 역삼1동
강남-역삼-003593,2,서울특별시,강남구,11680,서울특별시 강남구 논현로 553 삼정빌딩,서울특별시 강남구 역삼동 607-13 삼정빌딩,37.5055242251111,127.034485331111,,역삼119안전센터,N,,,,,,강남소방서,02-6981-7443,2025-12-31,서울특별시 강남구 역삼1동
강남-역삼-003594,1,서울특별시,강남구,11680,서울특별시 강남구 논현로85길 11 신성건물,서울특별시 강남구 역삼동 739-1 신성건물,37.4990513791111,127.036621591111,,역삼119안전센터,N,,,,,,강남소방서,02-6981-7443,2025-12-31,서울특별시 강남구 역삼1동
강남-역삼-003595,1,서울특별시,강남구,11680,서울특별시 강남구 테헤란로20길 11 탑리빙텔,서울특별시 강남구 역삼동 736-18 탑리빙텔,37.4986272591111,127.034489511111,일반주택,역삼119안전센터,N,,,,,,강남소방서,02-6981-7443,2025-12-31,서울특별시 강남구 역삼1동
강남-역삼-003612,1,서울특별시,강남구,11680,서울특별시 강남구 테헤란로25길 15-5 용연빌딩,서울특별시 강남구 역삼동 644-7 용연빌딩,37.5015496811111,127.035278541111,,역삼119안전센터,N,,,,,,강남소방서,02-6981-7443,2025-12-31,서울특별시 강남구 역삼1동
강남-역삼-003613,1,서울특별시,강남구,11680,서울특별시 강남구 테헤란로19길 27 ,서울특별시 강남구 역삼동 637-10 ,37.5015644361111,127.032686631111,역삼르비앙아파트,역삼119안전센터,N,,,,,,강남소방서,02-6981-7443,2025-12-31,서울특별시 강남구 역삼1동
강남-역삼-003614,1,서울특별시,강남구,11680,서울특별시 강남구 강남대로94길 95 일반주택,서울특별시 강남구 역삼동 644-19 일반주택,37.5009020631111,127.034798481111,송현빌딩,역삼119안전센터,N,,,,,,강남소방서,02-6981-7443,2025-12-31,서울특별시 강남구 역삼1동
강남-역삼-003615,1,서울특별시,강남구,11680,서울특별시 강남구 봉은사로24길 35-12 일반주택,서울특별시 강남구 역삼동 626-16 일반주택,37.5040906761111,127.032613611111,삼성빌딩,역삼119안전센터,N,,,,,,강남소방서,02-6981-7443,2025-12-31,서울특별시 강남구 역삼1동
강남-역삼-003616,1,서울특별시,강남구,11680,서울특별시 강남구 논현로105길 11-12 일반주택,서울특별시 강남구 역삼동 609-5 일반주택,37.5049739981111,127.032732541111,대윤빌딩,역삼119안전센터,N,,,,,,강남소방서,02-6981-7443,2025-12-31,서울특별시 강남구 역삼1동
강남-역삼-003617,1,서울특별시,강남구,11680,서울특별시 강남구 봉은사로18길 17 일반주택,서울특별시 강남구 역삼동 613-15 일반주택,37.5049340111111,127.030518871111,,역삼119안전센터,N,,,,,,강남소방서,02-6981-7443,2025-12-31,서울특별시 강남구 역삼1동
강남-역삼-003618,1,서울특별시,강남구,11680,서울특별시 강남구 논현로101길 18-6 일반주택,서울특별시 강남구 역삼동 608-28 일반주택,37.5042036791111,127.033365661111,,역삼119안전센터,N,,,,,,강남소방서,02-6981-7443,2025-12-31,서울특별시 강남구 역삼1동
강남-역삼-003629,2,서울특별시,강남구,11680,서울특별시 강남구 강남대로 358 358타워앞,서울특별시 강남구 역삼동 826-20 358타워앞,37.4949340891111,127.029320371111,,역삼119안전센터,N,,,,,,강남소방서,02-6981-7443,2025-12-31,서울특별시 강남구 역삼1동
강남-역삼-003632,2,서울특별시,강남구,11680,서울특별시 강남구 논현로65길 28 주택앞 비소함,서울특별시 강남구 역삼동 795-16 주택앞 비소함,37.4928991931111,127.038199571111,,역삼119안전센터,N,,,,,,강남소방서,02-6981-7443,2025-12-31,서울특별시 강남구 역삼1동
강남-역삼-003640,2,서울특별시,강남구,11680,서울특별시 강남구 강남대로 328 강남쉐르빌,서울특별시 강남구 역삼동 832-3 강남쉐르빌,37.4927097211111,127.030508491111,승광빌딩,역삼119안전센터,N,,,,,,강남소방서,02-6981-7443,2025-12-31,서울특별시 강남구 역삼1동
강남-역삼-003641,1,서울특별시,강남구,11680,서울특별시 강남구 언주로97길 31-14 유스하우스,서울특별시 강남구 역삼동 672-11 유스하우스,37.5038173711111,127.039102061111,예주빌딩,역삼119안전센터,N,,,,,,강남소방서,02-6981-7443,2025-12-31,서울특별시 강남구 역삼1동
강남-역삼-003642,1,서울특별시,강남구,11680,서울특별시 강남구 테헤란로6길 43 주택,서울특별시 강남구 역삼동 827-74 주택,37.4959178451111,127.031630161111,청구아파트,역삼119안전센터,N,,,,,,강남소방서,02-6981-7443,2025-12-31,서울특별시 강남구 역삼1동
강남-역삼-003643,1,서울특별시,강남구,11680,서울특별시 강남구 테헤란로22길 30 한국산악문,서울특별시 강남구 역삼동 740-9 한국산악문,37.4979627421111,127.035681611111,송영빌딩,역삼119안전센터,N,,,,,,강남소방서,02-6981-7443,2025-12-31,서울특별시 강남구 역삼1동
강남-역삼-003644,1,서울특별시,강남구,11680,서울특별시 강남구 언주로106길 11 체리빌라,서울특별시 강남구 역삼동 687-1 체리빌라,37.5076537411111,127.040529481111,,역삼119안전센터,N,,,,,,강남소방서,02-6981-7443,2025-12-31,서울특별시 강남구 역삼1동
강남-역삼-003645,1,서울특별시,강남구,11680,서울특별시 강남구 봉은사로44길 67 주택다인간판,서울특별시 강남구 역삼동 691-9 주택다인간판,37.5053571231111,127.042841641111,진흥아파트 상가,역삼119안전센터,N,,,,,,강남소방서,02-6981-7443,2025-12-31,서울특별시 강남구 역삼1동
강남-역삼-003646,1,서울특별시,강남구,11680,서울특별시 강남구 봉은사로18길 4 일반주택,서울특별시 강남구 역삼동 604-2 일반주택,37.5057676751111,127.030295531111,길라야빌딩,역삼119안전센터,N,,,,,,강남소방서,02-6981-7443,2025-12-31,서울특별시 강남구 역삼1동
강남-역삼-003647,1,서울특별시,강남구,11680,서울특별시 강남구 강남대로110길 40 일반주택,서울특별시 강남구 역삼동 616-8 일반주택,37.5038920041111,127.028118591111,,역삼119안전센터,N,,,,,,강남소방서,02-6981-7443,2025-12-31,서울특별시 강남구 역삼1동
강남-역삼-003667,2,서울특별시,강남구,11680,서울특별시 강남구 봉은사로 116 은성빌딩,서울특별시 강남구 역삼동 601-18 은성빌딩,37.5047670611111,127.026418381111,,역삼119안전센터,N,,,,,,강남소방서,02-6981-7443,2025-12-31,서울특별시 강남구 역삼1동
강남-역삼-003668,2,서울특별시,강남구,11680,서울특별시 강남구 봉은사로 114 보브빌딩,서울특별시 강남구 역삼동 601-15 보브빌딩,37.5046621611111,127.026008521111,다세대주택9세대,역삼119안전센터,N,,,,,,강남소방서,02-6981-7443,2025-12-31,서울특별시 강남구 역삼1동
강남-역삼-003686,1,서울특별시,강남구,11680,서울특별시 강남구 논현로81길 11 주택앞,서울특별시 강남구 역삼동 738-40 주택앞,37.4979739251111,127.037154951111,일원본동주민센터,역삼119안전센터,N,,,,,,강남소방서,02-6981-7443,2025-12-31,서울특별시 강남구 역삼1동
강남-역삼-003687,1,서울특별시,강남구,11680,서울특별시 강남구 논현로94길 23 세븐일레븐,서울특별시 강남구 역삼동 670-23 세븐일레븐,37.5027519461111,127.038363391111,주택,역삼119안전센터,N,,,,,,강남소방서,02-6981-7443,2025-12-31,서울특별시 강남구 역삼1동
강남-역삼-003691,1,서울특별시,강남구,11680,서울특별시 강남구 테헤란로10길 40 한진빌라,서울특별시 강남구 역삼동 828-12 한진빌라,37.4965329681111,127.033256061111,대한남부적십자혈액원,역삼119안전센터,N,,,,,,강남소방서,02-6981-7443,2025-12-31,서울특별시 강남구 역삼1동
강남-역삼-003692,1,서울특별시,강남구,11680,서울특별시 강남구 언주로98길 36 일반주택,서울특별시 강남구 역삼동 703-7 일반주택,37.5045392321111,127.044742111111,비스빌라,역삼119안전센터,N,,,,,,강남소방서,02-6981-7443,2025-12-31,서울특별시 강남구 역삼1동
강남-역삼-003735,1,서울특별시,강남구,11680,서울특별시 강남구 테헤란로 101 ,서울특별시 강남구 역삼동  ,37.4983230241111,127.028283661111,,역삼119안전센터,N,,,,,,강남소방서,02-6981-7443,2025-12-31,서울특별시 강남구 역삼1동
강남-역삼-003741,1,서울특별시,강남구,11680,서울특별시 강남구 논현로85길 58 백림빌딩,서울특별시 강남구 역삼동 823-33 백림빌딩,37.4981736531111,127.033442661111,,역삼119안전센터,N,,,,,,강남소방서,02-6981-7443,2025-12-31,서울특별시 강남구 역삼1동
강남-세곡-003807,2,서울특별시,강남구,11680,서울특별시 강남구 밤고개로26길 11-9 ,서울특별시 강남구 율현동 263  ,37.5051286511111,127.026470811111,지구 입구에서 위쪽,세곡119안전센터,N,,,,,,강남소방서,02-6981-7443,2025-12-31,서울특별시 강남구 역삼1동
강남-세곡-003808,2,서울특별시,강남구,11680,서울특별시 강남구 밤고개로 254 ,서울특별시 강남구 율현동 359  ,37.5018004411111,127.035597221111,백림빌딩,세곡119안전센터,N,,,,,,강남소방서,02-6981-7443,2025-12-31,서울특별시 강남구 역삼1동
강남-세곡-003817,5,서울특별시,강남구,11680,서울특별시 강남구 밤고개로27길 7-9 단독주택,서울특별시 강남구 율현동 (산) 14-2 단독주택,37.4967069911111,127.035056711111,강남유탑유블레스,세곡119안전센터,N,,,,,,강남소방서,02-6981-7443,2025-12-31,서울특별시 강남구 역삼1동
강남-현장-003830,1,서울특별시,강남구,11680,서울특별시 강남구 봉은사로72길 13-3 삼성동 11612지번건물,서울특별시 강남구 삼성동 116-12 삼성동 11612지번건물,37.5043490611111,127.032681211111,엘에이치강남3단지,현장대응단,N,,,,,,강남소방서,02-6981-7443,2025-12-31,서울특별시 강남구 역삼1동
강남-영동-003850,2,서울특별시,강남구,11680,서울특별시 강남구 봉은사로 123 리체힐 신논현 오피스텔,서울특별시 강남구 논현동 202-9 리체힐 신논현 오피스텔,37.5053028,127.0272121,쉼표소공원 앞,영동119안전센터,N,,,,,,강남소방서,02-6981-7443,2025-12-31,서울특별시 강남구 역삼1동
강남-역삼-003851,1,서울특별시,강남구,11680,서울특별시 강남구 강남대로 302 동희빌딩,서울특별시 강남구 역삼동 837-10 동희빌딩,37.490329,127.031668,공사중건물,역삼119안전센터,N,,,,,,강남소방서,02-6981-7443,2025-12-31,서울특별시 강남구 역삼1동
